Id,Unique Headcount
72249,10
72250,11
72251,0
72252,2
72253,4
72254,1
72255,7
72256,22
72257,2
72258,3
72259,3
72260,3
72261,4
72262,20
72263,23
72264,2
72265,1
72266,2
72267,2
72268,4
72269,1
72270,4
72271,5
72272,11
72273,0
72274,0
72275,5
72276,2
72277,2
72278,4
72279,2
72280,1
72281,2
72282,1
72283,1
72284,4
72285,6
72286,1
72287,1
72288,0
72289,1
72290,2
72291,4
72292,3
72293,2
72294,6
72295,1
72296,1
72297,1
72298,16
72299,23
72300,1
72301,1
72302,8
72303,3
72304,4
72305,4
72306,0
72307,1
72308,3
72309,1
72310,1
72311,2
72312,1
72313,1
72314,5
72315,0
72316,1
72317,2
72318,2
72319,2
72320,2
72321,1
72322,2
72323,11
72324,9
72325,2
72326,4
72327,2
72328,5
72329,6
72330,3
72331,3
72332,23
72333,40
72334,1
72335,2
72336,6
72337,3
72338,6
72339,3
72340,3
72341,1
72342,1
72343,15
72344,4
72345,12
72346,1
72347,1
72348,5
72349,2
72350,13
72351,5
72352,9
72353,4
72354,47
72355,23
72356,7
72357,2
72358,3
72359,2
72360,13
72361,5
72362,14
72363,7
72364,53
72365,18
72366,7
72367,2
72368,4
72369,3
72370,3
72371,27
72372,4
72373,31
72374,12
72375,139
72376,17
72377,10
72378,7
72379,3
72380,3
72381,0
72382,4
72383,1
72384,11
72385,4
72386,4
72387,2
72388,2
72389,30
72390,13
72391,2
72392,56
72393,20
72394,8
72395,2
72396,2
72397,4
72398,12
72399,5
72400,6
72401,2
72402,30
72403,6
72404,4
72405,0
72406,2
72407,8
72408,19
72409,3
72410,2
72411,4
72412,2
72413,1
72414,3
72415,12
72416,13
72417,4
72418,3
72419,8
72420,8
72421,3
72422,3
72423,2
72424,2
72425,4
72426,2
72427,1
72428,0
72429,5
72430,7
72431,1
72432,2
72433,2
72434,3
72435,2
72436,4
72437,3
72438,2
72439,0
72440,10
72441,9
72442,0
72443,12
72444,5
72445,5
72446,1
72447,12
72448,4
72449,4
72450,0
72451,9
72452,2
72453,9
72454,4
72455,41
72456,2
72457,27
72458,7
72459,49
72460,8
72461,2
72462,4
72463,2
72464,1
72465,8
72466,9
72467,6
72468,7
72469,2
72470,2
72471,2
72472,9
72473,10
72474,1
72475,0
72476,2
72477,12
72478,22
72479,1
72480,3
72481,5
72482,2
72483,1
72484,1
72485,3
72486,20
72487,8
72488,9
72489,5
72490,21
72491,13
72492,2
72493,0
72494,0
72495,10
72496,5
72497,4
72498,2
72499,12
72500,6
72501,4
72502,3
72503,7
72504,9
72505,5
72506,3
72507,5
72508,31
72509,8
72510,6
72511,2
72512,35
72513,22
72514,3
72515,2
72516,4
72517,3
72518,1
72519,1
72520,9
72521,3
72522,2
72523,0
72524,2
72525,1
72526,1
72527,3
72528,9
72529,1
72530,13
72531,2
72532,4
72533,10
72534,5
72535,9
72536,4
72537,4
72538,3
72539,7
72546,4
72547,6
72548,0
72549,0
72550,1
72551,0
72552,4
72553,7
72554,2
72555,2
72556,11
72557,31
72558,2
72559,6
72560,4
72561,6
72562,2
72563,20
72564,25
72565,1
72566,2
72567,3
72568,5
72569,13
72570,69
72571,8
72572,15
72573,119
72574,6
72575,8
72576,17
72577,4
72578,5
72579,5
72580,4
72581,7
72582,10
72583,23
72584,11
72585,36
72586,4
72587,4
72588,5
72589,5
72590,3
72591,6
72592,5
72593,4
72594,6
72595,6
72596,0
72597,3
72598,3
72599,2
72600,1
72601,2
72602,1
72603,7
72604,0
72605,5
72606,11
72607,3
72608,3
72609,2
72610,3
72611,6
72612,7
72613,14
72614,1
72615,4
72616,4
72617,3
72618,3
72619,1
72620,5
72621,1
72622,7
72623,1
72624,0
72625,1
72626,3
72627,5
72628,4
72629,2
72630,3
72631,6
72632,1
72633,4
72634,2
72635,11
72636,10
72637,0
72638,4
72639,3
72640,4
72641,9
72642,1
72643,3
72644,2
72645,3
72646,2
72647,2
72648,4
72649,5
72650,2
72651,1
72652,0
72653,10
72654,10
72655,0
72656,2
72657,4
72658,2
72659,0
72660,6
72661,15
72662,1
72663,2
72664,5
72665,5
72666,15
72667,24
72668,14
72669,19
72670,1
72671,11
72672,1
72673,7
72674,0
72675,3
72676,1
72677,7
72678,9
72679,2
72680,3
72681,4
72682,6
72683,7
72684,9
72685,29
72686,43
72687,4
72688,6
72689,6
72690,5
72691,12
72692,12
72693,0
72694,16
72695,3
72696,2
72697,14
72698,5
72699,29
72700,8
72701,3
72702,1
72703,31
72704,20
72705,3
72706,3
72707,4
72708,33
72709,11
72710,9
72711,5
72712,23
72713,10
72714,17
72715,8
72716,5
72717,43
72718,7
72719,13
72720,9
72721,98
72722,42
72723,79
72724,13
72725,23
72726,4
72727,2
72728,1
72729,7
72730,1
72731,3
72732,4
72733,4
72734,11
72735,7
72736,5
72737,3
72738,13
72739,8
72740,34
72741,16
72742,10
72743,5
72744,1
72745,68
72746,9
72747,17
72748,3
72749,27
72750,10
72751,38
72752,3
72753,5
72754,0
72755,17
72756,2
72757,1
72758,27
72759,10
72760,5
72761,1
72762,9
72763,2
72764,6
72765,9
72766,0
72767,4
72768,1
72769,4
72770,7
72771,12
72772,3
72773,2
72774,3
72775,4
72776,6
72777,17
72778,5
72779,3
72780,22
72781,26
72782,1
72783,3
72784,3
72785,12
72786,24
72787,5
72788,5
72789,9
72790,21
72791,24
72792,2
72793,4
72794,10
72795,14
72796,8
72797,9
72798,4
72799,5
72800,8
72801,4
72802,3
72803,9
72804,1
72805,4
72806,4
72807,12
72808,12
72809,2
72810,2
72811,14
72812,20
72813,1
72814,5
72815,8
72816,13
72817,0
72818,6
72819,4
72820,2
72821,1
72822,8
72823,7
72824,17
72825,5
72826,2
72827,2
72828,1
72829,16
72830,18
72831,3
72832,15
72833,5
72834,2
72835,8
72836,4
72837,14
72838,1
72839,11
72840,11
72841,6
72842,3
72843,1
72844,6
72845,3
72846,1
72847,4
72848,8
72849,1
72850,42
72851,6
72852,9
72853,47
72854,19
72855,7
72856,3
72857,3
72858,0
72859,6
72860,3
72861,77
72862,83
72863,6
72864,7
72865,5
72866,11
72867,7
72868,4
72869,2
72870,9
72871,10
72872,8
72873,7
72874,3
72875,9
72876,9
72877,5
72878,4
72879,3
72880,1
72881,2
72882,1
72883,5
72884,3
72885,3
72886,7
72887,4
72888,2
72889,2
72890,12
72891,16
72892,1
72893,3
72894,14
72895,24
72896,2
72897,4
72898,1
72899,2
72900,19
72901,11
72902,4
72903,13
72904,8
72905,2
72906,18
72907,13
72908,13
72909,8
72910,6
72911,6
72912,8
72913,11
72914,7
72915,6
72916,2
72917,2
72918,28
72919,10
72920,27
72921,13
72922,3
72923,3
72924,1
72925,0
72926,1
72927,31
72928,6
72929,4
72930,2
72931,5
72932,0
72933,10
72934,8
72935,3
72936,2
72937,12
72938,5
72939,3
72940,1
72941,7
72942,23
72943,22
72944,8
72945,18
72946,4
72947,1
72948,3
72949,9
72950,1
72951,4
72952,20
72953,0
72954,10
72955,6
72956,3
72957,56
72958,3
72959,7
72960,13
72961,5
72962,22
72963,55
72964,2
72965,1
72966,10
72967,33
72968,2
72969,5
72970,8
72971,21
72972,13
72973,22
72974,2
72975,9
72976,3
72977,28
72978,45
72979,9
72980,2
72981,9
72982,18
72983,35
72984,4
72985,1
72986,6
72987,51
72988,55
72989,4
72990,7
72991,7
72992,10
72993,39
72994,40
72995,1
72996,0
72997,5
72998,25
72999,31
73000,4
73001,6
73002,6
73003,11
73004,15
73005,0
73006,2
73007,2
73008,139
73009,168
73010,13
73011,17
73012,2
73013,7
73014,152
73015,194
73016,12
73017,27
73018,10
73019,27
73020,10
73021,30
73022,99
73023,145
73024,5
73025,15
73026,5
73027,11
73028,24
73029,37
73030,2
73031,3
73032,0
73033,3
73034,6
73035,16
73036,21
73037,39
73038,60
73039,2
73040,8
73041,3
73042,8
73043,5
73044,13
73045,21
73046,9
73047,4
73048,3
73049,7
73050,5
73051,37
73052,45
73053,3
73054,6
73055,2
73056,3
73057,51
73058,21
73059,3
73060,4
73061,17
73062,8
73063,57
73064,34
73065,9
73066,6
73067,20
73068,12
73069,37
73070,18
73071,2
73072,10
73073,6
73074,56
73075,26
73076,6
73077,5
73078,15
73079,8
73080,23
73081,6
73082,90
73083,19
73084,17
73085,5
73086,22
73087,11
73088,82
73089,10
73090,13
73091,1
73092,15
73093,3
73094,73
73095,21
73096,13
73097,8
73098,21
73099,11
73100,58
73101,9
73102,7
73103,4
73104,13
73105,6
73106,29
73107,28
73108,1
73109,5
73110,3
73111,6
73112,21
73113,20
73114,1
73115,4
73116,3
73117,2
73118,24
73119,14
73120,1
73121,4
73122,6
73123,6
73124,19
73125,10
73126,35
73127,24
73128,4
73129,5
73130,7
73131,6
73132,104
73133,22
73134,19
73135,4
73136,26
73137,10
73138,84
73139,9
73140,8
73141,14
73142,5
73143,91
73144,23
73145,16
73146,4
73147,21
73148,7
73149,76
73150,10
73151,10
73152,14
73153,5
73154,67
73155,23
73156,2
73157,2
73158,6
73159,4
73160,57
73161,27
73162,1
73163,2
73164,3
73165,0
73166,4
73167,52
73168,24
73169,1
73170,2
73171,0
73172,41
73173,44
73174,3
73175,5
73176,5
73177,8
73178,6
73179,10
73180,28
73181,39
73182,1
73183,3
73184,2
73185,9
73186,15
73187,4
73188,3
73189,13
73190,8
73191,3
73192,0
73193,3
73194,26
73195,27
73196,3
73197,3
73198,2
73199,3
73200,13
73201,12
73202,0
73203,1
73204,30
73205,24
73206,4
73207,4
73208,5
73209,5
73210,3
73211,9
73212,9
73213,24
73214,3
73215,6
73216,12
73217,14
73218,51
73219,59
73220,9
73221,9
73222,12
73223,27
73224,10
73225,5
73226,1
73227,1
73228,24
73229,18
73230,5
73231,5
73232,8
73233,6
73234,27
73235,25
73236,3
73237,7
73238,134
73239,37
73240,29
73241,9
73242,42
73243,16
73244,13
73245,1
73246,49
73247,11
73248,11
73249,1
73250,45
73251,16
73252,0
73253,3
73254,26
73255,19
73256,8
73257,6
73258,15
73259,15
73260,5
73261,1
73262,9
73263,12
73264,16
73265,14
73266,4
73267,7
73268,8
73269,8
73270,78
73271,55
73272,28
73273,20
73274,48
73275,43
73276,22
73277,18
73278,19
73279,59
73280,38
73281,26
73282,14
73283,74
73284,66
73285,12
73286,4
73287,15
73288,16
73289,13
73290,5
73291,3
73292,10
73293,9
73294,8
73295,6
73296,1
73297,17
73298,18
73299,36
73300,40
73301,5
73302,5
73303,6
73304,9
73305,10
73306,12
73307,0
73308,35
73309,47
73310,7
73311,1
73312,5
73313,11
73314,21
73315,71
73316,93
73317,5
73318,12
73319,4
73320,7
73321,7
73322,7
73323,1
73324,1
73325,8
73326,10
73327,0
73328,0
73329,2
73330,9
73331,22
73332,18
73333,2
73334,5
73335,6
73336,3
73337,2
73338,15
73339,14
73340,4
73341,13
73342,15
73343,3
73344,7
73345,1
73346,3
73347,9
73348,9
73349,2
73350,1
73351,1
73352,0
73353,10
73354,18
73355,2
73356,6
73357,15
73358,10
73359,4
73360,1
73361,1
73362,15
73363,5
73364,1
73365,6
73366,1
73367,6
73368,0
73369,0
73370,11
73371,14
73372,13
73373,3
73374,2
73375,28
73376,63
73377,1
73378,27
73379,19
73380,3
73381,7
73382,11
73383,3
73384,7
73385,2
73386,24
73387,14
73388,8
73389,0
73390,3
73391,7
73392,2
73393,1
73394,1
73395,93
73396,102
73397,6
73398,11
73399,8
73400,7
73401,5
73402,6
73403,5
73404,5
73405,3
73406,1
73407,30
73408,36
73409,4
73410,3
73411,1
73412,5
73413,0
73414,97
73415,22
73416,9
73417,5
73418,18
73419,7
73420,1
73421,4
73422,0
73423,3
73424,3
73425,2
73426,4
73427,4
73428,8
73429,4
73430,5
73431,8
73432,3
73433,8
73434,13
73435,80
73436,1
73437,7
73438,4
73439,45
73440,2
73441,4
73442,3
73443,1
73444,8
73445,18
73446,1
73447,10
73448,1
73449,0
73450,0
73451,1
73452,5
73453,1
73454,4
73455,0
73456,3
73457,0
73458,3
73459,5
73460,2
73461,5
73462,2
73463,1
73464,3
73465,5
73466,1
73467,5
73468,0
73469,1
73470,0
73471,2
73472,3
73473,1
73474,7
73475,12
73476,5
73477,2
73478,1
73479,7
73480,5
73481,0
73482,4
73483,1
73484,4
73485,1
73486,2
73487,2
73488,10
73489,24
73490,3
73491,3
73492,3
73493,2
73494,12
73495,3
73496,2
73497,6
73498,4
73499,4
73500,2
73501,6
73502,16
73503,1
73504,0
73505,6
73506,1
73507,2
73508,8
73509,2
73510,21
73511,38
73512,2
73513,7
73514,20
73515,16
73516,31
73517,4
73518,3
73519,7
73520,45
73521,48
73522,4
73523,6
73524,14
73525,41
73526,39
73527,2
73528,1
73529,19
73530,24
73531,0
73532,2
73533,4
73534,3
73535,8
73536,16
73537,19
73538,5
73539,3
73540,4
73541,6
73542,9
73543,12
73544,4
73545,3
73546,16
73547,9
73548,0
73549,10
73550,0
73551,4
73552,134
73553,163
73554,10
73555,11
73556,6
73557,11
73558,18
73559,1
73560,8
73561,4
73562,133
73563,150
73564,11
73565,11
73566,12
73567,9
73568,15
73569,36
73570,2
73571,0
73572,14
73573,2
73574,3
73575,9
73576,4
73577,6
73578,20
73579,18
73580,3
73581,1
73582,4
73583,3
73584,5
73585,3
73586,0
73587,1
73588,2
73589,25
73590,22
73591,3
73592,0
73593,7
73594,4
73595,9
73596,16
73597,0
73598,6
73599,5
73600,12
73601,24
73602,2
73603,12
73604,1
73605,2
73606,6
73607,20
73608,5
73609,1
73610,2
73611,6
73612,2
73613,10
73614,14
73615,26
73616,44
73617,0
73618,3
73619,4
73620,1
73621,4
73622,2
73623,13
73624,10
73625,10
73626,16
73627,2
73628,0
73629,1
73630,3
73631,1
73632,18
73633,23
73634,1
73635,2
73636,1
73637,0
73638,3
73639,2
73640,4
73641,7
73642,7
73643,11
73644,1
73645,3
73646,4
73647,6
73648,1
73649,1
73650,7
73651,10
73652,0
73653,1
73654,15
73655,16
73656,2
73657,3
73658,10
73659,24
73660,0
73661,2
73662,8
73663,32
73664,59
73665,2
73666,7
73667,4
73668,10
73669,1
73670,18
73671,0
73672,5
73673,4
73674,7
73675,9
73676,6
73677,12
73678,1
73679,2
73680,1
73681,7
73682,1
73683,3
73684,5
73685,13
73686,2
73687,3
73688,8
73689,11
73690,2
73691,0
73692,4
73693,2
73694,8
73695,14
73696,1
73697,0
73698,19
73699,6
73700,2
73701,1
73702,5
73703,3
73704,4
73705,1
73706,0
73707,1
73708,0
73709,33
73710,41
73711,2
73712,6
73713,4
73714,4
73715,15
73716,24
73717,2
73718,3
73719,2
73720,0
73721,52
73722,19
73723,1
73724,62
73725,34
73726,10
73727,4
73728,21
73729,10
73730,45
73731,19
73732,4
73733,1
73734,13
73735,8
73736,62
73737,27
73738,8
73739,5
73740,15
73741,8
73742,57
73743,20
73744,7
73745,7
73746,15
73747,11
73748,91
73749,16
73750,20
73751,7
73752,22
73753,10
73754,64
73755,3
73756,5
73757,3
73758,1
73759,67
73760,14
73761,12
73762,5
73763,18
73764,6
73765,53
73766,0
73767,6
73768,1
73769,10
73770,2
73771,18
73772,18
73773,0
73774,1
73775,0
73776,25
73777,7
73778,6
73779,27
73780,19
73781,3
73782,4
73783,5
73784,3
73785,21
73786,12
73787,3
73788,5
73789,5
73790,6
73791,104
73792,20
73793,21
73794,5
73795,24
73796,7
73797,84
73798,5
73799,9
73800,11
73801,2
73802,87
73803,15
73804,14
73805,1
73806,17
73807,3
73808,66
73809,18
73810,4
73811,5
73812,3
73813,59
73814,16
73815,0
73816,2
73817,4
73818,4
73819,57
73820,24
73821,1
73822,3
73823,2
73824,0
73825,36
73826,39
73827,4
73828,6
73829,2
73830,6
73831,4
73832,7
73833,2
73834,5
73835,9
73836,1
73837,23
73838,35
73839,2
73840,4
73841,4
73842,16
73843,12
73844,19
73845,0
73846,1
73847,2
73848,1
73849,3
73850,13
73851,6
73852,3
73853,2
73854,23
73855,22
73856,3
73857,1
73858,2
73859,3
73860,3
73861,2
73862,22
73863,17
73864,3
73865,3
73866,5
73867,22
73868,16
73869,4
73870,14
73871,4
73872,4
73873,0
73874,0
73875,12
73876,23
73877,4
73878,14
73879,14
73880,0
73881,44
73882,50
73883,2
73884,6
73885,6
73886,5
73887,21
73888,14
73889,5
73890,3
73891,9
73892,11
73893,7
73894,5
73895,2
73896,1
73897,3
73898,8
73899,1
73900,0
73901,15
73902,16
73903,9
73904,1
73905,0
73906,0
73907,4
73908,4
73909,4
73910,5
73911,23
73912,6
73913,3
73914,1
73915,1
73916,0
73917,20
73918,13
73919,3
73920,3
73921,5
73922,3
73923,9
73924,20
73925,18
73926,2
73927,5
73928,6
73929,1
73930,2
73931,3
73932,0
73933,0
73934,1
73935,2
73936,142
73937,32
73938,27
73939,6
73940,40
73941,12
73942,4
73943,108
73944,14
73945,9
73946,1
73947,18
73948,3
73949,54
73950,7
73951,12
73952,1
73953,48
73954,17
73955,3
73956,10
73957,18
73958,13
73959,5
73960,4
73961,11
73962,14
73963,1
73964,13
73965,9
73966,3
73967,3
73968,8
73969,13
73970,3
73971,2
73972,0
73973,1
73974,11
73975,16
73976,0
73977,1
73978,4
73979,3
73980,3
73981,5
73982,3
73983,6
73984,4
73985,1
73986,2
73987,0
73988,3
73989,1
73990,1
73991,3
73992,5
73993,3
73994,60
73995,37
73996,19
73997,11
73998,37
73999,33
74000,11
74001,3
74002,39
74003,20
74004,8
74005,4
74006,18
74007,19
74008,50
74009,28
74010,22
74011,9
74012,63
74013,54
74014,5
74015,1
74016,8
74017,7
74018,12
74019,8
74020,4
74021,8
74022,6
74023,6
74024,5
74025,4
74026,3
74027,4
74028,4
74029,6
74030,2
74031,16
74032,16
74033,0
74034,2
74035,10
74036,1
74037,2
74038,5
74039,7
74040,3
74041,3
74042,2
74043,4
74044,9
74045,4
74046,2
74047,6
74048,1
74049,0
74050,2
74051,4
74052,0
74053,1
74054,0
74055,8
74056,13
74057,0
74058,30
74059,34
74060,5
74061,5
74062,3
74063,6
74064,8
74065,14
74066,9
74067,10
74068,2
74069,30
74070,42
74071,4
74072,6
74073,6
74074,1
74075,12
74076,8
74077,9
74078,13
74079,21
74080,0
74081,0
74082,1
74083,65
74084,90
74085,1
74086,10
74087,0
74088,6
74089,8
74090,10
74091,1
74092,4
74093,6
74094,2
74095,4
74096,0
74097,7
74098,2
74099,7
74100,16
74101,13
74102,1
74103,3
74104,1
74105,2
74106,6
74107,2
74108,1
74109,4
74110,1
74111,9
74112,9
74113,0
74114,0
74115,5
74116,6
74117,4
74118,11
74119,13
74120,2
74121,2
74122,0
74123,5
74124,1
74125,5
74126,4
74127,1
74128,2
74129,2
74130,2
74131,0
74132,9
74133,2
74134,1
74135,0
74136,2
74137,0
74138,4
74139,3
74140,11
74141,1
74142,3
74143,4
74144,4
74145,4
74146,5
74147,0
74148,11
74149,11
74150,3
74151,4
74152,29
74153,61
74154,3
74155,13
74156,5
74157,68
74158,92
74159,8
74160,25
74161,2
74162,33
74163,64
74164,2
74165,3
74166,20
74167,11
74168,2
74169,3
74170,10
74171,2
74172,11
74173,0
74174,0
74175,4
74176,8
74177,14
74178,3
74179,0
74180,2
74181,12
74182,13
74183,4
74184,2
74185,10
74186,1
74187,1
74188,140
74189,144
74190,14
74191,16
74192,15
74193,11
74194,13
74195,11
74196,5
74197,5
74198,4
74199,2
74200,3
74201,1
74202,24
74203,30
74204,3
74205,1
74206,2
74207,0
74208,4
74209,2
74210,6
74211,0
74212,93
74213,18
74214,8
74215,6
74216,17
74217,5
74218,85
74219,9
74220,5
74221,3
74222,18
74223,5
74224,1
74225,1
74226,0
74227,3
74228,7
74229,4
74230,1
74231,1
74232,6
74233,5
74234,1
74235,0
74236,2
74237,2
74238,0
74239,5
74240,2
74241,5
74242,12
74243,76
74244,5
74245,6
74246,5
74247,50
74248,0
74249,1
74250,1
74251,7
74252,1
74253,1
74254,1
74255,1
74256,2
74257,3
74258,2
74259,1
74260,5
74261,2
74262,8
74263,0
74264,1
74265,4
74266,4
74267,0
74268,2
74269,0
74270,1
74271,2
74272,1
74273,0
74274,1
74275,2
74276,5
74277,0
74278,1
74279,2
74280,1
74281,2
74282,2
74283,4
74284,0
74285,1
74286,0
74287,1
74288,5
74289,0
74290,3
74291,3
74292,12
74293,5
74294,0
74295,9
74296,1
74297,1
74298,3
74299,2
74300,3
74301,0
74302,0
74303,2
74304,1
74305,3
74306,1
74307,2
74308,0
74309,1
74310,2
74311,1
74312,1
74313,2
74314,0
74315,1
74316,1
74317,3
74318,2
74319,2
74320,0
74321,1
74322,18
74323,1
74324,11
74325,0
74326,1
74327,3
74328,3
74329,2
74330,1
74331,4
74332,3
74333,4
74334,0
74335,1
74336,2
74337,4
74338,3
74339,3
74340,1
74341,1
74342,2
74343,1
74344,1
74345,2
74346,7
74347,0
74348,7
74349,0
74350,7
74351,1
74352,7
74353,2
74354,14
74355,32
74356,1
74357,13
74358,30
74359,1
74360,2
74361,4
74362,16
74363,34
74364,3
74365,5
74366,10
74367,4
74368,37
74369,40
74370,3
74371,32
74372,39
74373,6
74374,45
74375,46
74376,6
74377,4
74378,8
74379,6
74380,2
74381,4
74382,10
74383,1
74384,8
74385,14
74386,17
74387,2
74388,1
74389,3
74390,7
74391,7
74392,7
74393,7
74394,5
74395,12
74396,2
74397,2
74398,12
74399,4
74400,16
74401,2
74402,2
74403,0
74404,1
74405,7
74406,67
74407,90
74408,4
74409,7
74410,2
74411,40
74412,49
74413,1
74414,5
74415,2
74416,0
74417,3
74418,8
74419,14
74420,4
74421,81
74422,96
74423,9
74424,7
74425,7
74426,2
74427,17
74428,49
74429,2
74430,1
74431,2
74432,3
74433,5
74434,4
74435,5
74436,3
74437,14
74438,12
74439,2
74440,1
74441,1
74442,2
74443,11
74444,9
74445,2
74446,0
74447,2
74448,34
74449,29
74450,7
74451,4
74452,10
74453,8
74454,5
74455,2
74456,1
74457,4
74458,10
74459,0
74460,7
74461,14
74462,15
74463,33
74464,4
74465,3
74466,1
74467,14
74468,3
74469,7
74470,5
74471,8
74472,21
74473,2
74474,4
74475,4
74476,8
74477,0
74478,10
74479,15
74480,1
74481,1
74482,1
74483,1
74484,2
74485,0
74486,22
74487,38
74488,3
74489,1
74490,1
74491,2
74492,14
74493,12
74494,1
74495,1
74496,0
74497,1
74498,2
74499,1
74500,6
74501,11
74502,6
74503,9
74504,1
74505,22
74506,26
74507,2
74508,1
74509,1
74510,7
74511,3
74512,4
74513,6
74514,1
74515,0
74516,1
74517,6
74518,8
74519,2
74520,3
74521,1
74522,2
74523,2
74524,10
74525,13
74526,2
74527,3
74528,1
74529,8
74530,10
74531,1
74532,1
74533,2
74534,3
74535,5
74536,1
74537,0
74538,3
74539,5
74540,17
74541,16
74542,2
74543,1
74544,3
74545,7
74546,21
74547,1
74548,3
74549,4
74550,17
74551,38
74552,65
74553,9
74554,3
74555,8
74556,4
74557,19
74558,3
74559,4
74560,5
74561,5
74562,8
74563,3
74564,2
74565,4
74566,14
74567,3
74568,5
74569,5
74570,3
74571,10
74572,17
74573,0
74574,2
74575,2
74576,6
74577,2
74578,6
74579,8
74580,2
74581,3
74582,8
74583,2
74584,10
74585,14
74586,1
74587,0
74588,1
74589,1
74590,4
74591,3
74592,9
74593,2
74594,1
74595,1
74596,9
74597,4
74598,1
74599,2
74600,2
74601,1
74602,22
74603,31
74604,2
74605,3
74606,1
74607,43
74608,22
74609,2
74610,2
74611,12
74612,6
74613,36
74614,15
74615,3
74616,2
74617,8
74618,4
74619,53
74620,18
74621,5
74622,3
74623,15
74624,5
74625,5
74626,52
74627,0
74628,6
74629,5
74630,0
74631,68
74632,7
74633,8
74634,14
74635,3
74636,53
74637,1
74638,4
74639,0
74640,9
74641,49
74642,1
74643,3
74644,1
74645,6
74646,1
74647,8
74648,1
74649,18
74650,15
74651,3
74652,3
74653,9
74654,1
74655,1
74656,2
74657,19
74658,8
74659,2
74660,2
74661,3
74662,3
74663,77
74664,8
74665,7
74666,1
74667,9
74668,2
74669,76
74670,4
74671,7
74672,9
74673,66
74674,72
74675,7
74676,10
74677,1
74678,15
74679,1
74680,54
74681,11
74682,5
74683,6
74684,1
74685,15
74686,32
74687,41
74688,17
74689,3
74690,3
74691,31
74692,36
74693,0
74694,8
74695,15
74696,27
74697,28
74698,1
74699,4
74700,9
74701,3
74702,6
74703,3
74704,11
74705,22
74706,9
74707,20
74708,14
74709,19
74710,0
74711,1
74712,9
74713,3
74714,1
74715,2
74716,15
74717,16
74718,0
74719,2
74720,19
74721,16
74722,8
74723,3
74724,5
74725,22
74726,20
74727,2
74728,2
74729,4
74730,3
74731,0
74732,0
74733,10
74734,6
74735,2
74736,9
74737,0
74738,1
74739,12
74740,1
74741,0
74742,1
74743,8
74744,6
74745,7
74746,20
74747,3
74748,3
74749,9
74750,9
74751,30
74752,34
74753,0
74754,1
74755,1
74756,20
74757,20
74758,21
74759,14
74760,6
74761,5
74762,10
74763,12
74764,17
74765,13
74766,2
74767,8
74768,11
74769,10
74770,6
74771,5
74772,4
74773,20
74774,21
74775,1
74776,1
74777,6
74778,2
74779,5
74780,2
74781,6
74782,1
74783,0
74784,3
74785,2
74786,1
74787,24
74788,6
74789,3
74790,11
74791,1
74792,16
74793,13
74794,2
74795,3
74796,3
74797,3
74798,14
74799,4
74800,12
74801,10
74802,2
74803,4
74804,8
74805,7
74806,2
74807,2
74808,1
74809,1
74810,3
74811,2
74812,3
74813,3
74814,0
74815,2
74816,2
74817,1
74818,0
74819,1
74820,3
74821,2
74822,125
74823,29
74824,20
74825,5
74826,28
74827,8
74828,12
74829,113
74830,24
74831,15
74832,4
74833,22
74834,2
74835,45
74836,8
74837,10
74838,0
74839,37
74840,10
74841,3
74842,1
74843,4
74844,15
74845,10
74846,6
74847,6
74848,10
74849,13
74850,16
74851,11
74852,5
74853,4
74854,9
74855,13
74856,6
74857,5
74858,3
74859,3
74860,14
74861,17
74862,4
74863,2
74864,3
74865,1
74866,1
74867,1
74868,1
74869,0
74870,2
74871,1
74872,4
74873,3
74874,4
74875,2
74876,3
74877,3
74878,2
74879,3
74880,0
74881,4
74882,4
74883,2
74884,2
74885,4
74886,5
74887,0
74888,0
74889,24
74890,13
74891,4
74892,8
74893,8
74894,2
74895,17
74896,5
74897,0
74898,1
74899,3
74900,4
74901,23
74902,10
74903,8
74904,3
74905,30
74906,23
74907,2
74908,1
74909,8
74910,7
74911,2
74912,2
74913,3
74914,6
74915,6
74916,1
74917,0
74918,0
74919,6
74920,5
74921,2
74922,11
74923,12
74924,1
74925,2
74926,5
74927,2
74928,3
74929,1
74930,3
74931,0
74932,5
74933,3
74934,0
74935,6
74936,4
74937,2
74938,1
74939,1
74940,3
74941,3
74942,2
74943,0
74944,2
74945,1
74946,4
74947,3
74948,8
74949,12
74950,0
74951,15
74952,20
74953,3
74954,15
74955,20
74956,1
74957,1
74958,0
74959,1
74960,7
74961,9
74962,1
74963,1
74964,6
74965,19
74966,32
74967,3
74968,15
74969,30
74970,3
74971,1
74972,3
74973,20
74974,30
74975,2
74976,2
74977,3
74978,4
74979,0
74980,62
74981,81
74982,2
74983,8
74984,1
74985,2
74986,3
74987,7
74988,1
74989,1
74990,2
74991,4
74992,6
74993,4
74994,7
74995,5
74996,2
74997,3
74998,4
74999,1
75000,4
75001,4
75002,2
75003,4
75004,4
75005,6
75006,4
75007,1
75008,6
75009,7
75010,8
75011,8
75012,2
75013,1
75014,5
75015,3
75016,2
75017,5
75018,6
75019,2
75020,4
75021,4
75022,6
75023,4
75024,6
75025,5
75026,2
75027,5
75028,5
75029,3
75030,2
75031,2
75032,1
75033,0
75034,0
75035,2
75036,4
75037,1
75038,8
75039,2
75040,3
75041,6
75042,2
75043,2
75044,1
75045,0
75046,0
75047,3
75048,1
75049,1
75050,28
75051,59
75052,1
75053,39
75054,64
75055,37
75056,12
75057,15
75058,8
75059,3
75060,10
75061,8
75062,5
75063,4
75064,3
75065,11
75066,8
75067,8
75068,4
75069,2
75070,3
75071,4
75072,5
75073,11
75074,2
75075,108
75076,114
75077,13
75078,14
75079,12
75080,9
75081,17
75082,22
75083,0
75084,1
75085,5
75086,0
75087,17
75088,23
75089,1
75090,2
75091,18
75092,24
75093,1
75094,1
75095,5
75096,2
75097,2
75098,2
75099,63
75100,14
75101,4
75102,2
75103,8
75104,3
75105,2
75106,3
75107,2
75108,0
75109,1
75110,4
75111,3
75112,6
75113,2
75114,1
75115,2
75116,50
75117,1
75118,1
75119,10
75120,1
75121,2
75122,11
75123,67
75124,6
75125,1
75126,33
75127,1
75128,3
75129,1
75130,1
75131,3
75132,1
75133,2
75134,2
75135,5
75136,1
75137,4
75138,0
75139,3
75140,1
75141,5
75142,3
75143,2
75144,2
75145,2
75146,5
75147,0
75148,1
75149,1
75150,2
75151,1
75152,0
75153,1
75154,3
75155,1
75156,2
75157,9
75158,1
75159,1
75160,3
75161,1
75162,8
75163,1
75164,1
75165,1
75166,3
75167,2
75168,1
75169,1
75170,1
75171,2
75172,3
75173,1
75174,2
75175,0
75176,1
75177,0
75178,1
75179,2
75180,5
75181,15
75182,4
75183,11
75184,3
75185,1
75186,1
75187,3
75188,3
75189,2
75190,1
75191,2
75192,2
75193,1
75194,1
75195,4
75196,2
75197,1
75198,1
75199,11
75200,29
75201,6
75202,1
75203,8
75204,0
75205,26
75206,0
75207,18
75208,35
75209,4
75210,9
75211,32
75212,37
75213,0
75214,3
75215,5
75216,19
75217,24
75218,44
75219,46
75220,5
75221,4
75222,6
75223,10
75224,10
75225,1
75226,1
75227,4
75228,5
75229,8
75230,12
75231,3
75232,3
75233,1
75234,1
75235,1
75236,0
75237,3
75238,9
75239,8
75240,3
75241,2
75242,7
75243,2
75244,9
75245,4
75246,16
75247,1
75248,4
75249,4
75250,130
75251,162
75252,5
75253,6
75254,3
75255,11
75256,10
75257,80
75258,88
75259,5
75260,1
75261,5
75262,1
75263,7
75264,1
75265,5
75266,12
75267,0
75268,27
75269,40
75270,0
75271,1
75272,1
75273,0
75274,2
75275,2
75276,4
75277,3
75278,1
75279,1
75280,4
75281,3
75282,6
75283,12
75284,12
75285,0
75286,2
75287,7
75288,6
75289,31
75290,28
75291,8
75292,5
75293,10
75294,9
75295,6
75296,4
75297,3
75298,3
75299,3
75300,10
75301,9
75302,15
75303,27
75304,3
75305,4
75306,9
75307,2
75308,1
75309,9
75310,2
75311,8
75312,21
75313,1
75314,3
75315,2
75316,2
75317,6
75318,5
75319,9
75320,15
75321,2
75322,2
75323,1
75324,0
75325,2
75326,32
75327,50
75328,1
75329,3
75330,3
75331,3
75332,14
75333,14
75334,2
75335,2
75336,0
75337,1
75338,5
75339,5
75340,11
75341,3
75342,7
75343,21
75344,26
75345,1
75346,5
75347,4
75348,2
75349,5
75350,5
75351,6
75352,4
75353,6
75354,5
75355,7
75356,1
75357,4
75358,5
75359,7
75360,2
75361,4
75362,6
75363,11
75364,2
75365,1
75366,2
75367,2
75368,5
75369,1
75370,3
75371,6
75372,2
75373,2
75374,3
75375,18
75376,19
75377,5
75378,4
75379,3
75380,5
75381,19
75382,1
75383,1
75384,1
75385,13
75386,32
75387,57
75388,2
75389,8
75390,6
75391,5
75392,18
75393,2
75394,4
75395,9
75396,1
75397,1
75398,10
75399,3
75400,7
75401,7
75402,16
75403,1
75404,2
75405,4
75406,1
75407,4
75408,9
75409,9
75410,9
75411,15
75412,2
75413,4
75414,2
75415,2
75416,0
75417,8
75418,4
75419,1
75420,1
75421,1
75422,0
75423,26
75424,29
75425,2
75426,4
75427,10
75428,39
75429,18
75430,4
75431,6
75432,1
75433,38
75434,16
75435,4
75436,2
75437,8
75438,4
75439,58
75440,18
75441,6
75442,4
75443,14
75444,1
75445,28
75446,19
75447,88
75448,19
75449,15
75450,7
75451,12
75452,70
75453,13
75454,26
75455,20
75456,6
75457,9
75458,9
75459,2
75460,0
75461,3
75462,2
75463,9
75464,32
75465,14
75466,9
75467,2
75468,9
75469,0
75470,72
75471,10
75472,2
75473,4
75474,8
75475,2
75476,57
75477,8
75478,9
75479,3
75480,8
75481,71
75482,7
75483,4
75484,1
75485,8
75486,1
75487,58
75488,18
75489,3
75490,5
75491,47
75492,45
75493,13
75494,1
75495,2
75496,1
75497,2
75498,28
75499,32
75500,1
75501,1
75502,1
75503,7
75504,1
75505,7
75506,15
75507,4
75508,9
75509,13
75510,6
75511,7
75512,2
75513,9
75514,21
75515,1
75516,11
75517,16
75518,22
75519,4
75520,7
75521,2
75522,1
75523,8
75524,3
75525,7
75526,9
75527,4
75528,4
75529,13
75530,9
75531,15
75532,16
75533,2
75534,0
75535,7
75536,1
75537,1
75538,9
75539,1
75540,10
75541,5
75542,1
75543,4
75544,7
75545,6
75546,1
75547,7
75548,21
75549,0
75550,2
75551,12
75552,13
75553,4
75554,35
75555,43
75556,6
75557,41
75558,45
75559,11
75560,13
75561,13
75562,16
75563,22
75564,24
75565,16
75566,13
75567,12
75568,1
75569,22
75570,18
75571,6
75572,8
75573,11
75574,13
75575,15
75576,11
75577,8
75578,6
75579,25
75580,24
75581,0
75582,4
75583,3
75584,9
75585,7
75586,3
75587,8
75588,2
75589,1
75590,3
75591,1
75592,2
75593,1
75594,1
75595,0
75596,14
75597,3
75598,2
75599,13
75600,15
75601,12
75602,3
75603,6
75604,0
75605,26
75606,24
75607,3
75608,8
75609,16
75610,15
75611,4
75612,3
75613,1
75614,3
75615,2
75616,1
75617,2
75618,5
75619,2
75620,1
75621,3
75622,4
75623,3
75624,1
75625,1
75626,118
75627,24
75628,14
75629,2
75630,18
75631,2
75632,16
75633,2
75634,3
75635,0
75636,112
75637,28
75638,24
75639,14
75640,23
75641,5
75642,46
75643,9
75644,8
75645,1
75646,28
75647,5
75648,9
75649,3
75650,0
75651,1
75652,5
75653,2
75654,15
75655,10
75656,6
75657,3
75658,8
75659,9
75660,2
75661,0
75662,1
75663,15
75664,11
75665,6
75666,3
75667,6
75668,9
75669,5
75670,4
75671,4
75672,10
75673,13
75674,2
75675,8
75676,6
75677,1
75678,2
75679,1
75680,2
75681,2
75682,2
75683,2
75684,4
75685,2
75686,2
75687,3
75688,2
75689,3
75690,0
75691,3
75692,4
75693,0
75694,1
75695,3
75696,3
75697,6
75698,5
75699,2
75700,2
75701,5
75702,5
75703,4
75704,2
75705,1
75706,16
75707,8
75708,3
75709,2
75710,6
75711,2
75712,3
75713,3
75714,12
75715,4
75716,4
75717,1
75718,10
75719,10
75720,2
75721,2
75722,4
75723,8
75724,6
75725,1
75726,4
75727,4
75728,1
75729,8
75730,7
75731,2
75732,4
75733,4
75734,7
75735,5
75736,3
75737,11
75738,11
75739,0
75740,2
75741,4
75742,6
75743,0
75744,5
75745,8
75746,1
75747,4
75748,7
75749,2
75750,1
75751,8
75752,4
75753,2
75754,0
75755,2
75756,2
75757,1
75758,6
75759,3
75760,2
75761,0
75762,0
75763,7
75764,4
75765,3
75766,2
75767,11
75768,11
75769,1
75770,2
75771,0
75772,16
75773,22
75774,1
75775,0
75776,5
75777,1
75778,11
75779,13
75780,4
75781,11
75782,13
75783,0
75784,4
75785,2
75786,2
75787,1
75788,15
75789,28
75790,2
75791,6
75792,13
75793,25
75794,34
75795,3
75796,3
75797,2
75798,3
75799,3
75800,65
75801,87
75802,2
75803,9
75804,0
75805,3
75806,3
75807,6
75808,8
75809,8
75810,0
75811,1
75812,1
75813,1
75814,1
75815,0
75816,2
75817,0
75818,6
75819,4
75820,0
75821,6
75822,7
75823,2
75824,4
75825,2
75826,4
75827,1
75828,1
75829,1
75830,7
75831,9
75832,9
75833,1
75834,10
75835,10
75836,1
75837,4
75838,3
75839,2
75840,3
75841,3
75842,4
75843,1
75844,2
75845,1
75846,2
75847,2
75848,5
75849,2
75850,1
75851,7
75852,2
75853,7
75854,5
75855,8
75856,4
75857,1
75858,5
75859,2
75860,4
75861,6
75862,26
75863,61
75864,2
75865,3
75866,40
75867,69
75868,2
75869,12
75870,0
75871,1
75872,21
75873,61
75874,10
75875,2
75876,10
75877,4
75878,12
75879,8
75880,3
75881,0
75882,1
75883,3
75884,1
75885,5
75886,3
75887,1
75888,7
75889,9
75890,2
75891,0
75892,3
75893,70
75894,78
75895,0
75896,4
75897,1
75898,3
75899,5
75900,1
75901,4
75902,16
75903,24
75904,1
75905,12
75906,4
75907,7
75908,2
75909,1
75910,79
75911,10
75912,10
75913,0
75914,5
75915,1
75916,2
75917,0
75918,6
75919,0
75920,0
75921,2
75922,8
75923,2
75924,0
75925,9
75926,7
75927,1
75928,1
75929,1
75930,9
75931,12
75932,3
75933,2
75934,2
75935,3
75936,26
75937,2
75938,6
75939,1
75940,0
75941,0
75942,6
75943,9
75944,12
75945,0
75946,2
75947,2
75948,4
75949,8
75950,2
75951,0
75952,8
75953,3
75954,7
75955,22
75956,4
75957,4
75958,12
75959,21
75960,28
75961,64
75962,2
75963,4
75964,8
75965,10
75966,0
75967,4
75968,3
75969,1
75970,10
75971,1
75972,56
75973,18
75974,9
75975,3
75976,88
75977,39
75978,15
75979,3
75980,2
75981,2
75982,10
75983,4
75984,8
75985,6
75986,7
75987,11
75988,2
75989,2
75990,4
75991,5
75992,1
75993,4
75994,24
75995,0
75996,12
75997,6
75998,66
75999,33
76000,10
76001,8
76002,7
76003,6
76004,109
76005,75
76006,20
76007,19
76008,1
76009,14
76010,15
76011,26
76012,27
76013,3
76014,2
76015,48
76016,37
76017,4
76018,3
76019,1
76020,1
76021,4
76022,2
76023,5
76024,17
76025,1
76026,3
76027,5
76028,2
76029,5
76030,14
76031,15
76032,0
76033,1
76034,2
76035,4
76036,3
76037,7
76038,1
76039,2
76040,0
76041,3
76042,0
76043,3
76044,2
76045,1
76046,2
76047,4
76048,4
76049,1
76050,0
76051,3
76052,1
76053,4
76054,4
76055,2
76056,1
76057,5
76058,0
76059,2
76060,16
76061,20
76062,2
76063,3
76064,7
76065,3
76066,6
76067,2
76068,3
76069,3
76070,2
76071,1
76072,0
76073,6
76074,3
76075,2
76076,1
76077,6
76078,5
76079,4
76080,3
76081,2
76082,2
76083,11
76084,6
76085,1
76086,3
76087,4
76088,1
76089,8
76090,6
76091,4
76092,4
76093,3
76094,24
76095,38
76096,6
76097,4
76098,4
76099,2
76100,1
76101,8
76102,4
76103,4
76104,1
76105,0
76106,5
76107,10
76108,2
76109,2
76110,5
76111,2
76112,11
76113,2
76114,10
76115,6
76116,43
76117,20
76118,5
76119,1
76120,1
76121,1
76122,12
76123,11
76124,3
76125,13
76126,6
76127,46
76128,14
76129,3
76130,1
76131,3
76132,2
76133,33
76134,5
76135,39
76136,12
76137,130
76138,18
76139,12
76140,6
76141,3
76142,3
76143,1
76144,1
76145,2
76146,1
76147,10
76148,4
76149,4
76150,1
76151,1
76152,24
76153,0
76154,12
76155,5
76156,49
76157,16
76158,8
76159,1
76160,2
76161,3
76162,13
76163,4
76164,11
76165,5
76166,33
76167,8
76168,3
76169,1
76170,5
76171,13
76172,1
76173,2
76174,1
76175,2
76176,1
76177,3
76178,1
76179,10
76180,11
76181,4
76182,4
76183,7
76184,8
76185,3
76186,4
76187,1
76188,0
76189,0
76190,1
76191,0
76192,0
76193,4
76194,5
76195,1
76196,2
76197,1
76198,3
76199,2
76200,4
76201,3
76202,1
76203,1
76204,9
76205,9
76206,0
76207,10
76208,5
76209,3
76210,0
76211,10
76212,3
76213,5
76214,0
76215,10
76216,4
76217,1
76218,7
76219,4
76220,31
76221,0
76222,25
76223,7
76224,45
76225,8
76226,3
76227,2
76228,2
76229,1
76230,6
76231,1
76232,1
76233,6
76234,6
76235,3
76236,2
76237,8
76238,9
76239,2
76240,0
76241,0
76242,1
76243,11
76244,19
76245,2
76246,3
76247,6
76248,3
76249,2
76250,1
76251,1
76252,2
76253,19
76254,8
76255,10
76256,6
76257,20
76258,13
76259,3
76260,0
76261,1
76262,9
76263,5
76264,4
76265,2
76266,10
76267,5
76268,4
76269,3
76270,1
76271,3
76272,3
76273,2
76274,1
76275,29
76276,5
76277,5
76278,1
76279,32
76280,19
76281,3
76282,1
76283,2
76284,2
76285,0
76286,2
76287,8
76288,4
76289,1
76290,1
76291,1
76292,3
76293,0
76294,1
76295,7
76296,1
76297,0
76298,6
76299,0
76300,3
76301,1
76302,0
76303,13
76304,4
76305,4
76306,3
76307,5
76308,5
76309,1
76310,6
76311,2
76312,9
76313,1
76314,2
76315,3
76316,3
76317,1
76318,2
76319,2
76320,3
76321,7
76322,1
76323,9
76324,25
76325,2
76326,7
76327,2
76328,5
76329,1
76330,15
76331,18
76332,1
76333,3
76334,5
76335,6
76336,52
76337,1
76338,4
76339,24
76340,131
76341,4
76342,7
76343,5
76344,10
76345,3
76346,2
76347,1
76348,4
76349,19
76350,7
76351,29
76352,68
76353,73
76354,4
76355,5
76356,2
76357,0
76358,5
76359,7
76360,2
76361,3
76362,3
76363,3
76364,1
76365,5
76366,3
76367,0
76368,1
76369,3
76370,1
76371,2
76372,5
76373,6
76374,9
76375,11
76376,2
76377,4
76378,5
76379,5
76380,3
76381,5
76382,1
76383,2
76384,4
76385,6
76386,2
76387,3
76388,8
76389,4
76390,6
76391,3
76392,4
76393,4
76394,1
76395,12
76396,8
76397,3
76398,3
76399,7
76400,1
76401,3
76402,2
76403,2
76404,2
76405,2
76406,4
76407,1
76408,1
76409,4
76410,0
76411,1
76412,8
76413,7
76414,2
76415,4
76416,12
76417,0
76418,1
76419,2
76420,7
76421,1
76422,8
76423,13
76424,18
76425,5
76426,1
76427,1
76428,5
76429,2
76430,3
76431,3
76432,6
76433,5
76434,2
76435,3
76436,6
76437,6
76438,5
76439,6
76440,28
76441,41
76442,3
76443,3
76444,4
76445,3
76446,12
76447,13
76448,14
76449,3
76450,4
76451,3
76452,10
76453,3
76454,25
76455,5
76456,2
76457,1
76458,29
76459,19
76460,2
76461,2
76462,3
76463,3
76464,28
76465,8
76466,6
76467,3
76468,18
76469,7
76470,12
76471,7
76472,0
76473,0
76474,42
76475,7
76476,13
76477,7
76478,86
76479,37
76480,76
76481,10
76482,20
76483,2
76484,7
76485,1
76486,1
76487,1
76488,1
76489,6
76490,4
76491,9
76492,5
76493,4
76494,3
76495,12
76496,8
76497,30
76498,13
76499,10
76500,5
76501,2
76502,63
76503,7
76504,16
76505,4
76506,24
76507,9
76508,34
76509,1
76510,5
76511,2
76512,3
76513,15
76514,2
76515,0
76516,18
76517,6
76518,5
76519,2
76520,0
76521,3
76522,1
76523,2
76524,0
76525,3
76526,5
76527,2
76528,4
76529,1
76530,7
76531,17
76532,6
76533,25
76534,28
76535,5
76536,3
76537,3
76538,10
76539,18
76540,4
76541,3
76542,4
76543,6
76544,16
76545,19
76546,1
76547,4
76548,5
76549,9
76550,6
76551,7
76552,1
76553,2
76554,3
76555,4
76556,1
76557,3
76558,8
76559,11
76560,2
76561,5
76562,10
76563,15
76564,0
76565,4
76566,6
76567,11
76568,2
76569,3
76570,6
76571,3
76572,7
76573,2
76574,1
76575,6
76576,11
76577,4
76578,2
76579,1
76580,15
76581,17
76582,11
76583,3
76584,0
76585,5
76586,1
76587,2
76588,8
76589,7
76590,8
76591,4
76592,16
76593,3
76594,0
76595,3
76596,1
76597,9
76598,3
76599,1
76600,3
76601,1
76602,32
76603,3
76604,7
76605,42
76606,17
76607,8
76608,3
76609,0
76610,1
76611,6
76612,4
76613,51
76614,52
76615,3
76616,0
76617,2
76618,2
76619,5
76620,4
76621,7
76622,2
76623,1
76624,0
76625,0
76626,2
76627,1
76628,4
76629,6
76630,1
76631,1
76632,10
76633,10
76634,0
76635,13
76636,21
76637,0
76638,4
76639,2
76640,4
76641,18
76642,11
76643,3
76644,11
76645,7
76646,3
76647,15
76648,12
76649,9
76650,5
76651,5
76652,6
76653,4
76654,7
76655,0
76656,4
76657,5
76658,1
76659,6
76660,28
76661,8
76662,1
76663,0
76664,23
76665,10
76666,2
76667,2
76668,0
76669,0
76670,0
76671,1
76672,7
76673,9
76674,2
76675,4
76676,1
76677,3
76678,1
76679,2
76680,12
76681,5
76682,8
76683,9
76684,5
76685,4
76686,9
76687,14
76688,2
76689,3
76690,10
76691,6
76692,0
76693,2
76694,2
76695,1
76696,46
76697,18
76698,35
76699,5
76700,1
76701,0
76702,4
76703,16
76704,0
76705,10
76706,2
76707,5
76708,1
76709,1
76710,6
76711,9
76712,29
76713,1
76714,1
76715,4
76716,39
76717,18
76718,4
76719,10
76720,5
76721,36
76722,17
76723,6
76724,3
76725,11
76726,7
76727,38
76728,10
76729,0
76730,49
76731,22
76732,12
76733,10
76734,12
76735,8
76736,78
76737,6
76738,17
76739,1
76740,14
76741,4
76742,68
76743,5
76744,10
76745,1
76746,9
76747,2
76748,58
76749,5
76750,11
76751,4
76752,12
76753,5
76754,55
76755,4
76756,9
76757,3
76758,11
76759,5
76760,24
76761,22
76762,0
76763,4
76764,0
76765,4
76766,15
76767,3
76768,23
76769,10
76770,28
76771,14
76772,4
76773,3
76774,5
76775,3
76776,83
76777,7
76778,12
76779,2
76780,17
76781,2
76782,82
76783,7
76784,11
76785,2
76786,16
76787,4
76788,79
76789,10
76790,13
76791,16
76792,2
76793,77
76794,9
76795,13
76796,2
76797,16
76798,4
76799,44
76800,60
76801,17
76802,6
76803,7
76804,2
76805,54
76806,24
76807,4
76808,4
76809,1
76810,27
76811,14
76812,8
76813,0
76814,2
76815,13
76816,2
76817,2
76818,0
76819,3
76820,6
76821,4
76822,0
76823,1
76824,12
76825,2
76826,11
76827,4
76828,6
76829,0
76830,0
76831,1
76832,3
76833,6
76834,3
76835,79
76836,3
76837,5
76838,10
76839,1
76840,10
76841,5
76842,1
76843,48
76844,4
76845,17
76846,6
76847,15
76848,5
76849,4
76850,30
76851,7
76852,6
76853,9
76854,7
76855,1
76856,8
76857,2
76858,0
76859,5
76860,0
76861,0
76862,1
76863,4
76864,6
76865,5
76866,2
76867,1
76868,3
76869,1
76870,30
76871,17
76872,4
76873,11
76874,14
76875,2
76876,1
76877,10
76878,2
76879,6
76880,22
76881,8
76882,13
76883,5
76884,49
76885,45
76886,2
76887,2
76888,2
76889,6
76890,1
76891,3
76892,2
76893,3
76894,0
76895,5
76896,0
76897,1
76898,13
76899,12
76900,15
76901,4
76902,2
76903,3
76904,3
76905,3
76906,15
76907,4
76908,1
76909,6
76910,8
76911,5
76912,6
76913,3
76914,2
76915,3
76916,32
76917,67
76918,5
76919,4
76920,13
76921,19
76922,5
76923,0
76924,1
76925,6
76926,7
76927,88
76928,16
76929,16
76930,5
76931,13
76932,5
76933,3
76934,2
76935,3
76936,11
76937,15
76938,2
76939,8
76940,2
76941,1
76942,26
76943,5
76944,3
76945,37
76946,2
76947,5
76948,1
76949,2
76950,5
76951,5
76952,0
76953,2
76954,5
76955,4
76956,2
76957,1
76958,2
76959,1
76960,2
76961,5
76962,2
76963,3
76964,1
76965,1
76966,4
76967,3
76968,1
76969,2
76970,2
76971,0
76972,3
76973,1
76974,1
76975,0
76976,1
76977,1
76978,3
76979,4
76980,2
76981,15
76982,1
76983,2
76984,11
76985,0
76986,1
76987,2
76988,4
76989,5
76990,8
76991,8
76992,2
76993,0
76994,1
76995,3
76996,4
76997,0
76998,3
76999,4
77000,8
77001,3
77002,2
77003,3
77004,2
77005,1
77006,9
77007,22
77008,2
77009,8
77010,5
77011,2
77012,10
77013,4
77014,12
77015,3
77016,13
77017,2
77018,3
77019,10
77020,3
77021,1
77022,28
77023,31
77024,9
77025,11
77026,6
77027,15
77028,15
77029,7
77030,7
77031,2
77032,7
77033,14
77034,3
77035,1
77036,1
77037,4
77038,2
77039,7
77040,4
77041,2
77042,5
77043,1
77044,3
77045,2
77046,5
77047,4
77048,1
77049,1
77050,9
77051,1
77052,1
77053,94
77054,122
77055,10
77056,20
77057,2
77058,1
77059,1
77060,5
77061,3
77062,14
77063,2
77064,32
77065,36
77066,9
77067,8
77068,5
77069,3
77070,30
77071,43
77072,1
77073,3
77074,1
77075,0
77076,12
77077,5
77078,15
77079,1
77080,12
77081,7
77082,0
77083,3
77084,3
77085,1
77086,1
77087,5
77088,13
77089,9
77090,4
77091,4
77092,3
77093,3
77094,3
77095,2
77096,12
77097,7
77098,3
77099,0
77100,4
77101,2
77102,6
77103,3
77104,6
77105,11
77106,8
77107,0
77108,0
77109,6
77110,6
77111,5
77112,6
77113,1
77114,1
77115,0
77116,4
77117,1
77118,8
77119,2
77120,2
77121,12
77122,3
77123,0
77124,2
77125,4
77126,1
77127,1
77128,1
77129,5
77130,9
77131,0
77132,0
77133,3
77134,7
77135,2
77136,6
77137,2
77138,0
77139,0
77140,2
77141,2
77142,5
77143,3
77144,0
77145,0
77146,1
77147,1
77148,1
77149,2
77150,5
77151,1
77152,1
77153,1
77154,3
77155,3
77156,3
77157,3
77158,1
77159,3
77160,2
77161,4
77162,14
77163,0
77164,5
77165,1
77166,3
77167,7
77168,9
77169,28
77170,4
77171,1
77172,6
77173,23
77174,3
77175,2
77176,2
77177,5
77178,2
77179,1
77180,5
77181,3
77182,3
77183,1
77184,1
77185,3
77186,6
77187,3
77188,2
77189,1
77190,5
77191,4
77192,2
77193,3
77194,14
77195,4
77196,2
77197,1
77198,3
77199,1
77200,14
77201,4
77202,3
77203,4
77204,1
77205,26
77206,35
77207,0
77208,5
77209,1
77210,3
77211,1
77212,38
77213,20
77214,4
77215,2
77216,11
77217,5
77218,5
77219,37
77220,16
77221,8
77222,4
77223,12
77224,7
77225,50
77226,23
77227,9
77228,8
77229,15
77230,9
77231,60
77232,1
77233,2
77234,5
77235,2
77236,64
77237,3
77238,12
77239,8
77240,0
77241,50
77242,2
77243,8
77244,3
77245,9
77246,2
77247,50
77248,2
77249,11
77250,4
77251,10
77252,1
77253,15
77254,17
77255,13
77256,0
77257,4
77258,2
77259,13
77260,1
77261,2
77262,3
77263,19
77264,11
77265,4
77266,3
77267,3
77268,2
77269,77
77270,8
77271,10
77272,12
77273,1
77274,74
77275,5
77276,8
77277,11
77278,3
77279,13
77280,73
77281,5
77282,12
77283,2
77284,12
77285,3
77286,60
77287,16
77288,3
77289,3
77290,5
77291,2
77292,51
77293,26
77294,7
77295,8
77296,2
77297,5
77298,27
77299,29
77300,5
77301,3
77302,7
77303,9
77304,10
77305,1
77306,1
77307,7
77308,1
77309,1
77310,2
77311,14
77312,22
77313,1
77314,3
77315,5
77316,7
77317,3
77318,3
77319,2
77320,0
77321,0
77322,3
77323,2
77324,4
77325,2
77326,2
77327,16
77328,16
77329,1
77330,3
77331,2
77332,3
77333,5
77334,7
77335,3
77336,2
77337,5
77338,4
77339,11
77340,7
77341,4
77342,3
77343,5
77344,4
77345,6
77346,4
77347,8
77348,0
77349,1
77350,1
77351,9
77352,1
77353,0
77354,6
77355,0
77356,0
77357,0
77358,1
77359,4
77360,10
77361,16
77362,1
77363,6
77364,1
77365,14
77366,12
77367,6
77368,8
77369,5
77370,15
77371,10
77372,6
77373,6
77374,6
77375,9
77376,2
77377,1
77378,0
77379,11
77380,13
77381,3
77382,1
77383,0
77384,3
77385,3
77386,8
77387,25
77388,6
77389,4
77390,1
77391,2
77392,0
77393,29
77394,6
77395,3
77396,0
77397,2
77398,1
77399,19
77400,13
77401,5
77402,6
77403,5
77404,4
77405,13
77406,9
77407,1
77408,2
77409,2
77410,22
77411,15
77412,3
77413,5
77414,6
77415,3
77416,2
77417,1
77418,3
77419,2
77420,1
77421,1
77422,117
77423,22
77424,22
77425,1
77426,28
77427,11
77428,13
77429,3
77430,3
77431,8
77432,5
77433,108
77434,18
77435,17
77436,0
77437,17
77438,4
77439,32
77440,2
77441,8
77442,37
77443,15
77444,3
77445,0
77446,3
77447,2
77448,8
77449,5
77450,18
77451,13
77452,7
77453,7
77454,13
77455,16
77456,2
77457,16
77458,9
77459,4
77460,3
77461,7
77462,11
77463,2
77464,3
77465,13
77466,16
77467,0
77468,1
77469,9
77470,3
77471,0
77472,3
77473,3
77474,4
77475,1
77476,2
77477,3
77478,1
77479,1
77480,1
77481,1
77482,1
77483,3
77484,35
77485,19
77486,13
77487,8
77488,17
77489,16
77490,9
77491,2
77492,3
77493,5
77494,52
77495,33
77496,12
77497,6
77498,15
77499,13
77500,25
77501,10
77502,15
77503,5
77504,45
77505,41
77506,4
77507,0
77508,3
77509,1
77510,4
77511,6
77512,9
77513,7
77514,4
77515,4
77516,4
77517,5
77518,0
77519,1
77520,8
77521,6
77522,3
77523,3
77524,2
77525,2
77526,3
77527,4
77528,13
77529,14
77530,1
77531,3
77532,1
77533,5
77534,4
77535,1
77536,0
77537,4
77538,3
77539,2
77540,3
77541,6
77542,5
77543,3
77544,2
77545,0
77546,1
77547,1
77548,2
77549,0
77550,5
77551,8
77552,1
77553,4
77554,19
77555,23
77556,3
77557,2
77558,3
77559,8
77560,12
77561,1
77562,4
77563,2
77564,0
77565,2
77566,20
77567,30
77568,4
77569,6
77570,3
77571,4
77572,7
77573,14
77574,8
77575,1
77576,6
77577,0
77578,0
77579,2
77580,2
77581,4
77582,1
77583,13
77584,6
77585,1
77586,2
77587,6
77588,11
77589,4
77590,6
77591,0
77592,2
77593,0
77594,0
77595,2
77596,10
77597,8
77598,0
77599,3
77600,3
77601,1
77602,2
77603,4
77604,4
77605,1
77606,2
77607,4
77608,4
77609,3
77610,1
77611,5
77612,4
77613,1
77614,1
77615,8
77616,4
77617,1
77618,2
77619,2
77620,0
77621,1
77622,2
77623,5
77624,1
77625,1
77626,10
77627,4
77628,1
77629,0
77630,2
77631,1
77632,0
77633,4
77634,8
77635,1
77636,2
77637,3
77638,3
77639,1
77640,8
77641,6
77642,0
77643,40
77644,75
77645,9
77646,5
77647,10
77648,2
77649,2
77650,1
77651,4
77652,5
77653,3
77654,3
77655,3
77656,0
77657,8
77658,2
77659,1
77660,4
77661,1
77662,1
77663,7
77664,0
77665,7
77666,1
77667,0
77668,2
77669,33
77670,34
77671,1
77672,4
77673,5
77674,1
77675,30
77676,28
77677,3
77678,3
77679,6
77680,2
77681,2
77682,1
77683,1
77684,17
77685,21
77686,1
77687,4
77688,5
77689,8
77690,1
77691,1
77692,5
77693,0
77694,1
77695,82
77696,16
77697,12
77698,6
77699,10
77700,3
77701,4
77702,39
77703,4
77704,4
77705,1
77706,2
77707,2
77708,2
77709,3
77710,1
77711,2
77712,6
77713,0
77714,38
77715,1
77716,7
77717,50
77718,3
77719,5
77720,1
77721,5
77722,1
77723,2
77724,3
77725,0
77726,3
77727,4
77728,3
77729,3
77730,0
77731,0
77732,2
77733,2
77734,1
77735,1
77736,2
77737,1
77738,4
77739,2
77740,3
77741,1
77742,1
77743,1
77744,4
77745,3
77746,3
77747,0
77748,3
77749,4
77750,1
77751,7
77752,2
77753,2
77754,1
77755,1
77756,1
77757,3
77758,2
77759,0
77760,1
77761,1
77762,1
77763,3
77764,3
77765,1
77766,2
77767,14
77768,2
77769,14
77770,1
77771,5
77772,0
77773,4
77774,2
77775,1
77776,0
77777,1
77778,4
77779,1
77780,4
77781,3
77782,0
77783,1
77784,2
77785,3
77786,2
77787,3
77788,4
77789,3
77790,2
77791,12
77792,0
77793,10
77794,23
77795,3
77796,2
77797,13
77798,0
77799,2
77800,2
77801,9
77802,2
77803,30
77804,36
77805,11
77806,17
77807,17
77808,1
77809,1
77810,1
77811,10
77812,11
77813,0
77814,3
77815,1
77816,3
77817,6
77818,4
77819,5
77820,1
77821,1
77822,2
77823,2
77824,0
77825,6
77826,5
77827,9
77828,1
77829,0
77830,3
77831,2
77832,6
77833,13
77834,2
77835,7
77836,2
77837,1
77838,2
77839,72
77840,103
77841,8
77842,16
77843,5
77844,2
77845,54
77846,4
77847,1
77848,0
77849,5
77850,30
77851,31
77852,11
77853,6
77854,7
77855,5
77856,25
77857,48
77858,2
77859,3
77860,3
77861,0
77862,1
77863,1
77864,2
77865,1
77866,1
77867,6
77868,7
77869,4
77870,2
77871,0
77872,1
77873,14
77874,12
77875,2
77876,1
77877,2
77878,2
77879,20
77880,13
77881,7
77882,4
77883,8
77884,6
77885,9
77886,6
77887,1
77888,1
77889,2
77890,4
77891,3
77892,12
77893,3
77894,8
77895,17
77896,14
77897,3
77898,3
77899,7
77900,7
77901,1
77902,7
77903,5
77904,1
77905,5
77906,10
77907,3
77908,2
77909,1
77910,7
77911,4
77912,3
77913,3
77914,3
77915,2
77916,2
77917,3
77918,2
77919,3
77920,6
77921,5
77922,9
77923,9
77924,13
77925,10
77926,0
77927,4
77928,9
77929,5
77930,3
77931,4
77932,3
77933,2
77934,1
77935,8
77936,0
77937,3
77938,3
77939,2
77940,3
77941,4
77942,1
77943,1
77944,3
77945,1
77946,1
77947,1
77948,6
77949,6
77950,1
77951,1
77952,7
77953,4
77954,0
77955,6
77956,2
77957,12
77958,7
77959,21
77960,1
77961,1
77962,3
77963,14
77964,37
77965,1
77966,2
77967,1
77968,2
77969,10
77970,30
77971,1
77972,4
77973,2
77974,0
77975,4
77976,7
77977,0
77978,4
77979,9
77980,3
77981,5
77982,2
77983,6
77984,5
77985,6
77986,6
77987,3
77988,3
77989,2
77990,7
77991,0
77992,4
77993,6
77994,1
77995,1
77996,1
77997,3
77998,3
77999,1
78000,5
78001,0
78002,1
78003,0
78004,8
78005,4
78006,2
78007,1
78008,39
78009,50
78010,7
78011,12
78012,5
78013,39
78014,17
78015,4
78016,3
78017,9
78018,5
78019,57
78020,33
78021,11
78022,7
78023,20
78024,12
78025,63
78026,21
78027,9
78028,4
78029,16
78030,4
78031,69
78032,8
78033,12
78034,11
78035,6
78036,5
78037,48
78038,2
78039,4
78040,0
78041,49
78042,3
78043,6
78044,0
78045,9
78046,1
78047,51
78048,1
78049,5
78050,0
78051,7
78052,16
78053,14
78054,4
78055,2
78056,23
78057,18
78058,3
78059,3
78060,4
78061,3
78062,10
78063,1
78064,7
78065,3
78066,9
78067,0
78068,32
78069,14
78070,9
78071,4
78072,7
78073,4
78074,71
78075,8
78076,3
78077,6
78078,109
78079,18
78080,24
78081,2
78082,21
78083,3
78084,74
78085,9
78086,13
78087,4
78088,17
78089,3
78090,89
78091,14
78092,18
78093,3
78094,17
78095,2
78096,56
78097,12
78098,6
78099,4
78100,1
78101,58
78102,16
78103,4
78104,4
78105,49
78106,18
78107,6
78108,6
78109,50
78110,22
78111,4
78112,4
78113,5
78114,11
78115,10
78116,5
78117,0
78118,30
78119,34
78120,1
78121,5
78122,2
78123,1
78124,3
78125,3
78126,3
78127,15
78128,24
78129,3
78130,0
78131,0
78132,2
78133,2
78134,4
78135,3
78136,3
78137,1
78138,2
78139,18
78140,12
78141,10
78142,5
78143,11
78144,5
78145,3
78146,1
78147,0
78148,4
78149,2
78150,2
78151,0
78152,2
78153,12
78154,10
78155,5
78156,5
78157,4
78158,1
78159,2
78160,0
78161,5
78162,1
78163,2
78164,0
78165,0
78166,0
78167,5
78168,23
78169,27
78170,3
78171,10
78172,33
78173,35
78174,1
78175,2
78176,7
78177,7
78178,18
78179,13
78180,6
78181,6
78182,9
78183,10
78184,19
78185,16
78186,4
78187,5
78188,9
78189,11
78190,5
78191,4
78192,18
78193,19
78194,3
78195,3
78196,2
78197,0
78198,2
78199,1
78200,1
78201,2
78202,2
78203,2
78204,1
78205,1
78206,2
78207,21
78208,1
78209,2
78210,2
78211,15
78212,13
78213,3
78214,3
78215,6
78216,15
78217,4
78218,16
78219,14
78220,3
78221,6
78222,0
78223,3
78224,2
78225,2
78226,2
78227,1
78228,0
78229,2
78230,0
78231,3
78232,2
78233,0
78234,0
78235,1
78236,2
78237,4
78238,101
78239,14
78240,17
78241,2
78242,17
78243,5
78244,7
78245,2
78246,4
78247,106
78248,20
78249,22
78250,4
78251,19
78252,4
78253,30
78254,1
78255,11
78256,2
78257,30
78258,6
78259,5
78260,0
78261,2
78262,1
78263,14
78264,10
78265,5
78266,5
78267,8
78268,12
78269,18
78270,11
78271,7
78272,4
78273,7
78274,12
78275,4
78276,4
78277,4
78278,10
78279,14
78280,1
78281,6
78282,3
78283,6
78284,3
78285,0
78286,3
78287,0
78288,1
78289,4
78290,1
78291,3
78292,2
78293,2
78294,4
78295,3
78296,4
78297,2
78298,4
78299,3
78300,5
78301,1
78302,2
78303,2
78304,3
78305,5
78306,5
78307,3
78308,12
78309,5
78310,2
78311,0
78312,2
78313,18
78314,7
78315,4
78316,3
78317,4
78318,4
78319,12
78320,3
78321,7
78322,2
78323,24
78324,19
78325,4
78326,4
78327,1
78328,1
78329,7
78330,6
78331,3
78332,2
78333,3
78334,4
78335,8
78336,8
78337,3
78338,1
78339,2
78340,3
78341,2
78342,3
78343,10
78344,10
78345,2
78346,1
78347,2
78348,2
78349,2
78350,2
78351,5
78352,3
78353,7
78354,2
78355,1
78356,1
78357,0
78358,1
78359,4
78360,4
78361,3
78362,0
78363,3
78364,8
78365,4
78366,1
78367,0
78368,1
78369,1
78370,2
78371,3
78372,7
78373,11
78374,2
78375,7
78376,9
78377,6
78378,8
78379,2
78380,13
78381,19
78382,2
78383,0
78384,0
78385,0
78386,1
78387,1
78388,6
78389,14
78390,1
78391,1
78392,4
78393,18
78394,29
78395,3
78396,3
78397,9
78398,0
78399,1
78400,1
78401,2
78402,4
78403,3
78404,4
78405,15
78406,4
78407,2
78408,1
78409,7
78410,13
78411,3
78412,1
78413,2
78414,1
78415,2
78416,0
78417,3
78418,4
78419,0
78420,3
78421,7
78422,4
78423,0
78424,1
78425,0
78426,4
78427,3
78428,1
78429,8
78430,6
78431,2
78432,1
78433,5
78434,9
78435,8
78436,3
78437,0
78438,1
78439,4
78440,1
78441,4
78442,4
78443,2
78444,4
78445,6
78446,8
78447,5
78448,3
78449,2
78450,3
78451,3
78452,4
78453,2
78454,0
78455,2
78456,4
78457,35
78458,74
78459,8
78460,1
78461,2
78462,14
78463,6
78464,7
78465,3
78466,3
78467,2
78468,4
78469,1
78470,5
78471,7
78472,3
78473,2
78474,0
78475,1
78476,4
78477,1
78478,39
78479,43
78480,6
78481,9
78482,4
78483,2
78484,33
78485,40
78486,2
78487,1
78488,3
78489,4
78490,2
78491,1
78492,3
78493,6
78494,6
78495,2
78496,2
78497,16
78498,24
78499,2
78500,4
78501,2
78502,1
78503,66
78504,10
78505,4
78506,1
78507,7
78508,3
78509,5
78510,10
78511,4
78512,3
78513,1
78514,5
78515,2
78516,15
78517,2
78518,3
78519,18
78520,4
78521,5
78522,66
78523,4
78524,30
78525,5
78526,2
78527,8
78528,2
78529,3
78530,1
78531,1
78532,2
78533,2
78534,0
78535,1
78536,2
78537,1
78538,0
78539,3
78540,2
78541,2
78542,1
78543,1
78544,1
78545,0
78546,3
78547,4
78548,3
78549,0
78550,2
78551,1
78552,1
78553,1
78554,1
78555,0
78556,3
78557,3
78558,1
78559,0
78560,2
78561,7
78562,1
78563,2
78564,3
78565,2
78566,2
78567,1
78568,2
78569,2
78570,2
78571,4
78572,2
78573,2
78574,1
78575,5
78576,1
78577,11
78578,2
78579,0
78580,3
78581,12
78582,1
78583,2
78584,3
78585,2
78586,3
78587,2
78588,4
78589,1
78590,0
78591,1
78592,0
78593,2
78594,4
78595,1
78596,1
78597,1
78598,2
78599,2
78600,1
78601,1
78602,15
78603,4
78604,0
78605,3
78606,6
78607,21
78608,0
78609,3
78610,0
78611,6
78612,5
78613,17
78614,10
78615,1
78616,17
78617,18
78618,2
78619,3
78620,16
78621,22
78622,5
78623,20
78624,19
78625,1
78626,1
78627,11
78628,11
78629,0
78630,2
78631,2
78632,3
78633,0
78634,1
78635,2
78636,2
78637,5
78638,4
78639,4
78640,9
78641,2
78642,3
78643,2
78644,2
78645,3
78646,7
78647,0
78648,7
78649,1
78650,9
78651,1
78652,6
78653,2
78654,11
78655,25
78656,8
78657,57
78658,9
78659,97
78660,133
78661,11
78662,11
78663,13
78664,8
78665,1
78666,4
78667,0
78668,1
78669,5
78670,10
78671,10
78672,5
78673,1
78674,2
78675,11
78676,12
78677,1
78678,1
78679,1
78680,2
78681,2
78682,5
78683,2
78684,4
78685,2
78686,2
78687,7
78688,4
78689,1
78690,1
78691,7
78692,7
78693,2
78694,19
78695,14
78696,8
78697,5
78698,8
78699,5
78700,10
78701,7
78702,5
78703,2
78704,4
78705,3
78706,5
78707,2
78708,1
78709,2
78710,7
78711,8
78712,13
78713,2
78714,5
78715,11
78716,4
78717,1
78718,3
78719,7
78720,3
78721,9
78722,3
78723,7
78724,3
78725,5
78726,3
78727,5
78728,0
78729,5
78730,6
78731,1
78732,2
78733,1
78734,3
78735,2
78736,0
78737,7
78738,4
78739,4
78740,3
78741,1
78742,1
78743,3
78744,5
78745,1
78746,4
78747,9
78748,7
78749,11
78750,5
78751,9
78752,0
78753,6
78754,3
78755,1
78756,4
78757,2
78758,1
78759,1
78760,1
78761,2
78762,1
78763,6
78764,1
78765,1
78766,2
78767,3
78768,3
78769,1
78770,5
78771,3
78772,3
78773,5
78774,4
78775,3
78776,1
78777,1
78778,1
78779,2
78780,2
78781,4
78782,5
78783,9
78784,9
78785,3
78786,5
78787,6
78788,0
78789,1
78790,8
78791,0
78792,0
78793,13
78794,0
78795,14
78796,32
78797,0
78798,2
78799,0
78800,11
78801,25
78802,2
78803,2
78804,0
78805,3
78806,2
78807,6
78808,0
78809,1
78810,4
78811,1
78812,6
78813,2
78814,6
78815,1
78816,1
78817,3
78818,2
78819,6
78820,4
78821,7
78822,5
78823,6
78824,1
78825,2
78826,7
78827,3
78828,3
78829,2
78830,2
78831,2
78832,4
78833,4
78834,3
78835,2
78836,22
78837,26
78838,0
78839,1
78840,36
78841,17
78842,3
78843,1
78844,7
78845,5
78846,0
78847,9
78848,7
78849,51
78850,17
78851,7
78852,2
78853,10
78854,0
78855,33
78856,6
78857,70
78858,7
78859,9
78860,1
78861,6
78862,67
78863,13
78864,21
78865,12
78866,2
78867,1
78868,1
78869,11
78870,12
78871,19
78872,5
78873,6
78874,4
78875,4
78876,0
78877,4
78878,57
78879,4
78880,3
78881,0
78882,8
78883,3
78884,20
78885,35
78886,4
78887,24
78888,9
78889,3
78890,22
78891,0
78892,0
78893,13
78894,12
78895,3
78896,23
78897,28
78898,4
78899,1
78900,4
78901,9
78902,0
78903,1
78904,5
78905,6
78906,6
78907,8
78908,21
78909,2
78910,11
78911,2
78912,5
78913,0
78914,3
78915,4
78916,1
78917,11
78918,9
78919,3
78920,8
78921,7
78922,9
78923,8
78924,1
78925,2
78926,4
78927,5
78928,6
78929,2
78930,0
78931,1
78932,8
78933,5
78934,3
78935,4
78936,7
78937,6
78938,14
78939,5
78940,3
78941,2
78942,5
78943,8
78944,10
78945,13
78946,1
78947,26
78948,32
78949,8
78950,2
78951,5
78952,6
78953,18
78954,12
78955,6
78956,5
78957,9
78958,10
78959,0
78960,17
78961,14
78962,5
78963,11
78964,11
78965,8
78966,6
78967,8
78968,6
78969,21
78970,21
78971,1
78972,0
78973,2
78974,4
78975,4
78976,2
78977,4
78978,2
78979,2
78980,1
78981,5
78982,3
78983,2
78984,3
78985,8
78986,1
78987,5
78988,7
78989,12
78990,9
78991,3
78992,4
78993,4
78994,3
78995,6
78996,3
78997,1
78998,21
78999,18
79000,4
79001,6
79002,3
79003,2
79004,1
79005,1
79006,0
79007,1
79008,2
79009,3
79010,1
79011,1
79012,1
79013,1
79014,4
79015,4
79016,4
79017,1
79018,1
79019,93
79020,13
79021,13
79022,1
79023,12
79024,1
79025,14
79026,1
79027,2
79028,86
79029,19
79030,16
79031,9
79032,10
79033,7
79034,28
79035,1
79036,11
79037,3
79038,23
79039,4
79040,8
79041,5
79042,5
79043,2
79044,9
79045,5
79046,3
79047,1
79048,3
79049,5
79050,3
79051,0
79052,0
79053,13
79054,10
79055,7
79056,4
79057,5
79058,8
79059,2
79060,2
79061,4
79062,3
79063,7
79064,9
79065,2
79066,2
79067,2
79068,3
79069,4
79070,3
79071,2
79072,1
79073,2
79074,4
79075,4
79076,2
79077,1
79078,0
79079,3
79080,3
79081,4
79082,4
79083,2
79084,2
79085,2
79086,2
79087,1
79088,2
79089,1
79090,1
79091,2
79092,4
79093,3
79094,2
79095,2
79096,2
79097,4
79098,3
79099,5
79100,5
79101,2
79102,4
79103,2
79104,5
79105,1
79106,5
79107,1
79108,3
79109,3
79110,0
79111,4
79112,3
79113,0
79114,5
79115,2
79116,1
79117,0
79118,3
79119,9
79120,10
79121,2
79122,0
79123,2
79124,2
79125,7
79126,5
79127,1
79128,2
79129,2
79130,1
79131,1
79132,6
79133,5
79134,1
79135,3
79136,4
79137,4
79138,3
79139,3
79140,4
79141,10
79142,9
79143,1
79144,4
79145,1
79146,3
79147,6
79148,5
79149,1
79150,2
79151,2
79152,3
79153,7
79154,2
79155,0
79156,1
79157,3
79158,2
79159,0
79160,3
79161,3
79162,1
79163,0
79164,0
79165,3
79166,4
79167,4
79168,10
79169,9
79170,2
79171,2
79172,1
79173,4
79174,2
79175,7
79176,10
79177,1
79178,2
79179,14
79180,21
79181,4
79182,4
79183,10
79184,5
79185,5
79186,2
79187,5
79188,4
79189,3
79190,7
79191,14
79192,2
79193,0
79194,10
79195,21
79196,9
79197,15
79198,0
79199,1
79200,0
79201,3
79202,7
79203,8
79204,4
79205,9
79206,21
79207,1
79208,1
79209,12
79210,13
79211,3
79212,1
79213,0
79214,4
79215,5
79216,4
79217,2
79218,2
79219,0
79220,3
79221,1
79222,2
79223,5
79224,5
79225,2
79226,3
79227,2
79228,1
79229,1
79230,1
79231,5
79232,3
79233,1
79234,1
79235,1
79236,9
79237,8
79238,5
79239,3
79240,5
79241,4
79242,3
79243,7
79244,8
79245,0
79246,1
79247,5
79248,4
79249,2
79250,3
79251,2
79252,8
79253,5
79254,4
79255,5
79256,9
79257,5
79258,2
79259,5
79260,1
79261,2
79262,4
79263,26
79264,60
79265,2
79266,3
79267,29
79268,64
79269,5
79270,7
79271,27
79272,4
79273,3
79274,7
79275,1
79276,9
79277,4
79278,6
79279,6
79280,1
79281,2
79282,2
79283,4
79284,9
79285,1
79286,0
79287,2
79288,3
79289,4
79290,1
79291,2
79292,3
79293,5
79294,3
79295,16
79296,22
79297,3
79298,8
79299,2
79300,3
79301,12
79302,12
79303,3
79304,3
79305,2
79306,3
79307,5
79308,8
79309,16
79310,24
79311,8
79312,1
79313,2
79314,2
79315,2
79316,2
79317,1
79318,1
79319,64
79320,7
79321,15
79322,5
79323,3
79324,0
79325,1
79326,1
79327,5
79328,4
79329,2
79330,4
79331,9
79332,0
79333,4
79334,0
79335,7
79336,10
79337,12
79338,2
79339,3
79340,0
79341,3
79342,1
79343,3
79344,2
79345,2
79346,6
79347,29
79348,4
79349,2
79350,2
79351,3
79352,1
79353,5
79354,13
79355,1
79356,2
79357,1
79358,7
79359,6
79360,4
79361,1
79362,2
79363,17
79364,46
79365,4
79366,2
79367,10
79368,5
79369,2
79370,3
79371,8
79372,32
79373,5
79374,2
79375,1
79376,47
79377,7
79378,16
79379,5
79380,5
79381,3
79382,4
79383,4
79384,4
79385,4
79386,2
79387,1
79388,4
79389,5
79390,4
79391,11
79392,0
79393,9
79394,4
79395,30
79396,18
79397,1
79398,2
79399,2
79400,2
79401,1
79402,2
79403,7
79404,7
79405,14
79406,12
79407,5
79408,9
79409,9
79410,0
79411,3
79412,3
79413,2
79414,7
79415,22
79416,2
79417,1
79418,2
79419,3
79420,3
79421,5
79422,20
79423,24
79424,1
79425,2
79426,3
79427,2
79428,4
79429,2
79430,5
79431,3
79432,9
79433,0
79434,1
79435,5
79436,1
79437,1
79438,3
79439,1
79440,1
79441,3
79442,2
79443,3
79444,5
79445,6
79446,1
79447,1
79448,0
79449,2
79450,5
79451,3
79452,7
79453,0
79454,0
79455,2
79456,15
79457,22
79458,1
79459,8
79460,3
79461,3
79462,3
79463,1
79464,1
79465,4
79466,2
79467,2
79468,2
79469,6
79470,1
79471,1
79472,1
79473,3
79474,3
79475,0
79476,2
79477,10
79478,8
79479,0
79480,2
79481,4
79482,2
79483,5
79484,6
79485,3
79486,4
79487,21
79488,40
79489,1
79490,1
79491,5
79492,2
79493,1
79494,6
79495,4
79496,1
79497,1
79498,16
79499,5
79500,14
79501,1
79502,1
79503,5
79504,3
79505,11
79506,4
79507,8
79508,4
79509,45
79510,20
79511,7
79512,2
79513,5
79514,12
79515,5
79516,13
79517,8
79518,52
79519,17
79520,6
79521,1
79522,3
79523,3
79524,2
79525,25
79526,3
79527,30
79528,12
79529,134
79530,16
79531,11
79532,10
79533,4
79534,1
79535,1
79536,4
79537,1
79538,11
79539,4
79540,4
79541,2
79542,1
79543,27
79544,11
79545,3
79546,53
79547,18
79548,7
79549,2
79550,3
79551,1
79552,3
79553,10
79554,5
79555,5
79556,2
79557,28
79558,4
79559,3
79560,1
79561,1
79562,3
79563,7
79564,17
79565,1
79566,3
79567,1
79568,1
79569,3
79570,13
79571,14
79572,5
79573,4
79574,9
79575,8
79576,4
79577,2
79578,1
79579,4
79580,1
79581,1
79582,1
79583,4
79584,7
79585,1
79586,2
79587,2
79588,3
79589,2
79590,4
79591,2
79592,3
79593,0
79594,9
79595,9
79596,0
79597,11
79598,4
79599,5
79600,2
79601,11
79602,3
79603,4
79604,1
79605,8
79606,2
79607,0
79608,8
79609,4
79610,41
79611,1
79612,26
79613,6
79614,50
79615,8
79616,3
79617,3
79618,3
79619,2
79620,6
79621,1
79622,9
79623,6
79624,6
79625,1
79626,3
79627,2
79628,10
79629,11
79630,1
79631,0
79632,11
79633,21
79634,1
79635,3
79636,5
79637,2
79638,1
79639,1
79640,1
79641,20
79642,9
79643,9
79644,5
79645,22
79646,14
79647,3
79648,0
79649,2
79650,2
79651,10
79652,4
79653,3
79654,1
79655,11
79656,5
79657,4
79658,3
79659,6
79660,9
79661,0
79662,5
79663,4
79664,3
79665,31
79666,5
79667,5
79668,0
79669,35
79670,24
79671,3
79672,1
79673,3
79674,3
79675,0
79676,1
79677,9
79678,2
79679,2
79680,1
79681,4
79682,0
79683,0
79684,0
79685,3
79686,10
79687,1
79688,0
79689,2
79690,2
79691,3
79692,10
79693,5
79694,9
79695,4
79696,4
79697,3
79698,5
79704,2
79705,5
79706,1
79707,1
79708,2
79709,5
79710,2
79711,2
79712,11
79713,31
79714,1
79715,6
79716,4
79717,6
79718,20
79719,25
79720,2
79721,2
79722,5
79723,12
79724,68
79725,1
79726,8
79727,15
79728,118
79729,2
79730,6
79731,7
79732,15
79733,5
79734,4
79735,6
79736,8
79737,22
79738,10
79739,35
79740,59
79741,67
79742,5
79743,2
79744,3
79745,3
79746,5
79747,2
79748,3
79749,3
79750,6
79751,7
79752,6
79753,1
79754,2
79755,1
79756,6
79757,3
79758,1
79759,1
79760,7
79761,14
79762,5
79763,6
79764,14
79765,0
79766,3
79767,4
79768,3
79769,3
79770,0
79771,1
79772,7
79773,7
79774,1
79775,0
79776,2
79777,1
79778,5
79779,2
79780,4
79781,0
79782,3
79783,6
79784,3
79785,4
79786,4
79787,9
79788,8
79789,1
79790,3
79791,1
79792,3
79793,9
79794,1
79795,1
79796,3
79797,3
79798,2
79799,4
79800,5
79801,2
79802,4
79803,0
79804,9
79805,10
79806,1
79807,0
79808,2
79809,2
79810,0
79811,6
79812,15
79813,1
79814,2
79815,2
79816,2
79817,22
79818,33
79819,8
79820,19
79821,9
79822,1
79823,11
79824,0
79825,8
79826,3
79827,7
79828,9
79829,1
79830,3
79831,3
79832,5
79833,7
79834,9
79835,10
79836,37
79837,1
79838,4
79839,28
79840,42
79841,5
79842,5
79843,4
79844,12
79845,12
79846,17
79847,2
79848,3
79849,15
79850,3
79851,27
79852,7
79853,1
79854,1
79855,29
79856,17
79857,4
79858,3
79859,3
79860,32
79861,10
79862,7
79863,3
79864,22
79865,8
79866,16
79867,7
79868,3
79869,3
79870,41
79871,6
79872,10
79873,8
79874,96
79875,42
79876,79
79877,13
79878,23
79879,3
79880,1
79881,3
79882,1
79883,4
79884,5
79885,5
79886,10
79887,6
79888,5
79889,2
79890,13
79891,8
79892,33
79893,15
79894,9
79895,4
79896,66
79897,6
79898,16
79899,2
79900,25
79901,7
79902,37
79903,1
79904,5
79905,1
79906,16
79907,2
79908,0
79909,24
79910,8
79911,5
79912,0
79913,0
79914,5
79915,8
79916,1
79917,4
79918,1
79919,9
79920,3
79921,5
79922,10
79923,1
79924,2
79925,3
79926,7
79927,18
79928,4
79929,2
79930,24
79931,28
79932,2
79933,2
79934,3
79935,12
79936,24
79937,4
79938,6
79939,10
79940,21
79941,24
79942,2
79943,4
79944,9
79945,13
79946,8
79947,10
79948,4
79949,3
79950,4
79951,1
79952,8
79953,0
79954,2
79955,2
79956,11
79957,12
79958,3
79959,14
79960,20
79961,2
79962,2
79963,4
79964,8
79965,13
79966,1
79967,7
79968,4
79969,2
79970,2
79971,9
79972,7
79973,3
79974,6
79975,4
79976,1
79977,3
79978,1
79979,15
79980,16
79981,14
79982,4
79983,2
79984,7
79985,3
79986,0
79987,10
79988,10
79989,6
79990,17
79991,3
79992,0
79993,5
79994,2
79995,34
79996,1
79997,13
79998,4
79999,2
80000,6
80001,1
80002,41
80003,4
80004,8
80005,48
80006,18
80007,7
80008,1
80009,2
80010,0
80011,5
80012,0
80013,74
80014,82
80015,5
80016,10
80017,5
80018,14
80019,5
80020,3
80021,3
80022,9
80023,11
80024,6
80025,7
80026,2
80027,6
80028,5
80029,3
80030,3
80031,1
80032,1
80033,0
80034,3
80035,7
80036,5
80037,2
80038,3
80039,12
80040,15
80041,2
80042,3
80043,13
80044,23
80045,2
80046,4
80047,0
80048,1
80049,18
80050,11
80051,3
80052,1
80053,12
80054,7
80055,2
80056,17
80057,12
80058,13
80059,8
80060,6
80061,5
80062,7
80063,12
80064,6
80065,6
80066,1
80067,2
80068,27
80069,6
80070,25
80071,12
80072,2
80073,2
80074,1
80075,0
80076,1
80077,1
80078,6
80079,6
80080,12
80081,6
80082,4
80083,3
80084,12
80085,1
80086,2
80087,1
80088,1
80089,16
80090,23
80091,3
80092,7
80093,3
80094,25
80095,15
80096,0
80097,3
80098,6
80099,3
80100,20
80101,1
80102,2
80103,8
80104,4
80105,60
80106,3
80107,6
80108,16
80109,24
80110,55
80111,4
80112,1
80113,9
80114,28
80115,3
80116,8
80117,18
80118,0
80119,7
80120,3
80121,25
80122,43
80123,8
80124,1
80125,9
80126,17
80127,35
80128,4
80129,1
80130,6
80131,49
80132,53
80133,2
80134,5
80135,4
80136,8
80137,39
80138,41
80139,1
80140,0
80141,4
80142,23
80143,29
80144,1
80145,4
80146,5
80147,8
80148,10
80149,14
80150,3
80151,4
80152,121
80153,149
80154,11
80155,16
80156,5
80157,16
80158,148
80159,189
80160,10
80161,23
80162,7
80163,23
80164,6
80165,24
80166,0
80167,69
80168,114
80169,3
80170,11
80171,6
80172,11
80173,19
80174,31
80175,1
80176,2
80177,1
80178,1
80179,39
80180,60
80181,1
80182,6
80183,3
80184,9
80185,0
80186,19
80187,9
80188,3
80189,2
80190,7
80191,5
80192,33
80193,41
80194,2
80195,2
80196,0
80197,0
80198,5
80199,26
80200,14
80201,28
80202,1
80203,10
80204,4
80205,48
80206,24
80207,2
80208,1
80209,8
80210,4
80211,37
80212,19
80213,2
80214,4
80215,8
80216,6
80217,55
80218,22
80219,4
80220,2
80221,10
80222,5
80223,14
80224,70
80225,5
80226,2
80227,2
80228,8
80229,3
80230,82
80231,15
80232,13
80233,2
80234,19
80235,9
80236,63
80237,6
80238,4
80239,3
80240,6
80241,1
80242,58
80243,7
80244,8
80245,2
80246,12
80247,4
80248,23
80249,10
80250,25
80251,22
80252,1
80253,6
80254,1
80255,4
80256,11
80257,16
80258,10
80259,1
80260,4
80261,1
80262,6
80263,30
80264,16
80265,2
80266,2
80267,3
80268,3
80269,94
80270,13
80271,9
80272,0
80273,19
80274,3
80275,81
80276,9
80277,5
80278,2
80279,12
80280,2
80281,88
80282,18
80283,12
80284,1
80285,16
80286,4
80287,72
80288,9
80289,7
80290,5
80291,12
80292,72
80293,19
80294,4
80295,1
80296,8
80297,2
80298,52
80299,25
80300,1
80301,3
80302,0
80303,2
80304,37
80305,40
80306,3
80307,4
80308,6
80309,9
80310,24
80311,34
80312,3
80313,2
80314,8
80315,14
80316,4
80317,2
80318,12
80319,6
80320,3
80321,0
80322,3
80323,21
80324,22
80325,0
80326,3
80327,0
80328,2
80329,11
80330,12
80331,10
80332,1
80333,1
80334,26
80335,20
80336,3
80337,4
80338,4
80339,4
80340,2
80341,9
80342,7
80343,6
80344,23
80345,4
80346,2
80347,5
80348,12
80349,13
80350,48
80351,56
80352,9
80353,9
80354,11
80355,13
80356,1
80357,25
80358,8
80359,3
80360,0
80361,21
80362,16
80363,4
80364,4
80365,6
80366,5
80367,14
80368,13
80369,1
80370,5
80371,138
80372,36
80373,29
80374,7
80375,42
80376,15
80377,74
80378,2
80379,6
80380,49
80381,9
80382,8
80383,47
80384,15
80385,0
80386,6
80387,23
80388,18
80389,6
80390,5
80391,13
80392,15
80393,4
80394,3
80395,1
80396,1
80397,9
80398,12
80399,13
80400,6
80401,6
80402,0
80403,7
80404,5
80405,78
80406,55
80407,27
80408,18
80409,51
80410,46
80411,34
80412,56
80413,36
80414,24
80415,13
80416,76
80417,68
80418,12
80419,14
80420,12
80421,4
80422,3
80423,9
80424,9
80425,5
80426,1
80427,17
80428,18
80429,33
80430,38
80431,3
80432,3
80433,5
80434,8
80435,9
80436,12
80437,3
80438,0
80439,31
80440,45
80441,5
80442,2
80443,4
80444,11
80445,20
80446,2
80447,68
80448,91
80449,3
80450,11
80451,2
80452,6
80453,5
80454,7
80455,1
80456,2
80457,6
80458,9
80459,1
80460,0
80461,2
80462,1
80463,19
80464,16
80465,1
80466,4
80467,5
80468,13
80469,12
80470,4
80471,7
80472,6
80473,10
80474,5
80475,2
80476,1
80477,5
80478,2
80479,4
80480,7
80481,8
80482,2
80483,2
80484,1
80485,6
80486,17
80487,1
80488,7
80489,14
80490,7
80491,1
80492,7
80493,12
80494,4
80495,0
80496,5
80497,2
80498,5
80499,2
80500,1
80501,12
80502,10
80503,10
80504,0
80505,1
80506,27
80507,63
80508,0
80509,54
80510,81
80511,1
80512,5
80513,25
80514,16
80515,1
80516,6
80517,11
80518,0
80519,7
80520,2
80521,23
80522,12
80523,8
80524,0
80525,3
80526,7
80527,0
80528,1
80529,94
80530,103
80531,7
80532,12
80533,9
80534,8
80535,5
80536,7
80537,9
80538,4
80539,2
80540,0
80541,27
80542,34
80543,3
80544,3
80545,9
80546,1
80547,1
80548,90
80549,16
80550,8
80551,4
80552,16
80553,6
80554,1
80555,1
80556,3
80557,2
80558,4
80559,3
80560,7
80561,4
80562,9
80563,78
80564,7
80565,1
80566,44
80567,0
80568,1
80569,3
80570,1
80571,8
80572,17
80573,0
80574,10
80575,2
80576,2
80577,0
80578,2
80579,7
80580,1
80581,2
80582,5
80583,5
80584,2
80585,0
80586,1
80587,4
80588,0
80589,0
80590,2
80591,1
80592,5
80593,1
80594,0
80595,2
80596,2
80597,3
80598,4
80599,2
80600,6
80601,3
80602,11
80603,4
80604,1
80605,6
80606,5
80607,0
80608,1
80609,3
80610,0
80611,1
80612,4
80613,2
80614,6
80615,17
80616,8
80617,1
80618,1
80619,1
80620,7
80621,5
80622,1
80623,1
80624,7
80625,4
80626,7
80627,2
80628,2
80629,11
80630,4
80631,4
80632,2
80633,4
80634,2
80635,11
80636,30
80637,1
80638,15
80639,35
80640,3
80641,6
80642,13
80643,30
80644,4
80645,3
80646,28
80647,32
80648,4
80649,4
80650,2
80651,42
80652,48
80653,2
80654,41
80655,39
80656,2
80657,1
80658,6
80659,4
80660,9
80661,14
80662,19
80663,3
80664,15
80665,18
80666,5
80667,3
80668,4
80669,5
80670,13
80671,6
80672,6
80673,2
80674,14
80675,8
80676,0
80677,8
80678,5
80679,143
80680,149
80681,13
80682,12
80683,10
80684,8
80685,0
80686,4
80687,127
80688,145
80689,9
80690,8
80691,9
80692,6
80693,13
80694,33
80695,5
80696,1
80697,0
80698,0
80699,2
80700,3
80701,10
80702,8
80703,1
80704,0
80705,1
80706,15
80707,13
80708,3
80709,4
80710,4
80711,23
80712,19
80713,1
80714,5
80715,2
80716,0
80717,0
80718,7
80719,5
80720,16
80721,11
80722,24
80723,3
80724,3
80725,7
80726,9
80727,1
80728,4
80729,19
80730,3
80731,5
80732,12
80733,0
80734,28
80735,48
80736,6
80737,5
80738,2
80739,1
80740,10
80741,8
80742,1
80743,5
80744,10
80745,8
80746,12
80747,1
80748,2
80749,16
80750,22
80751,1
80752,4
80753,3
80754,2
80755,0
80756,5
80757,1
80758,4
80759,3
80760,5
80761,10
80762,2
80763,6
80764,3
80765,5
80766,1
80767,1
80768,1
80769,4
80770,5
80771,6
80772,0
80773,13
80774,14
80775,3
80776,4
80777,18
80778,2
80779,2
80780,7
80781,19
80782,1
80783,29
80784,56
80785,6
80786,3
80787,9
80788,16
80789,1
80790,3
80791,2
80792,4
80793,1
80794,5
80795,11
80796,2
80797,5
80798,1
80799,1
80800,1
80801,5
80802,3
80803,11
80804,1
80805,0
80806,4
80807,4
80808,8
80809,0
80810,1
80811,7
80812,13
80813,1
80814,8
80815,1
80816,1
80817,2
80818,2
80819,15
80820,6
80821,1
80822,2
80823,3
80824,33
80825,39
80826,1
80827,3
80828,3
80829,3
80830,42
80831,19
80832,2
80833,42
80834,16
80835,1
80836,2
80837,11
80838,3
80839,69
80840,34
80841,13
80842,3
80843,23
80844,11
80845,67
80846,29
80847,6
80848,6
80849,15
80850,11
80851,76
80852,2
80853,10
80854,2
80855,10
80856,2
80857,98
80858,16
80859,21
80860,3
80861,20
80862,6
80863,59
80864,1
80865,10
80866,1
80867,14
80868,2
80869,88
80870,15
80871,28
80872,4
80873,27
80874,4
80875,17
80876,17
80877,6
80878,1
80879,5
80880,27
80881,19
80882,1
80883,3
80884,3
80885,13
80886,2
80887,28
80888,9
80889,0
80890,31
80891,16
80892,4
80893,3
80894,6
80895,4
80896,87
80897,6
80898,8
80899,13
80900,0
80901,111
80902,19
80903,20
80904,3
80905,22
80906,2
80907,81
80908,9
80909,12
80910,13
80911,2
80912,93
80913,12
80914,13
80915,2
80916,15
80917,1
80918,125
80919,34
80920,10
80921,2
80922,11
80923,4
80924,55
80925,19
80926,3
80927,3
80928,1
80929,56
80930,25
80931,2
80932,3
80933,3
80934,3
80935,18
80936,17
80937,3
80938,3
80939,5
80940,32
80941,36
80942,0
80943,3
80944,0
80945,3
80946,2
80947,5
80948,1
80949,1
80950,8
80951,19
80952,30
80953,1
80954,9
80955,14
80956,2
80957,2
80958,1
80959,11
80960,4
80961,1
80962,2
80963,1
80964,5
80965,6
80966,5
80967,23
80968,18
80969,9
80970,5
80971,5
80972,24
80973,16
80974,5
80975,4
80976,5
80977,11
80978,5
80979,19
80980,9
80981,5
80982,2
80983,2
80984,0
80985,1
80986,8
80987,21
80988,4
80989,3
80990,6
80991,1
80992,12
80993,13
80994,0
80995,35
80996,40
80997,5
80998,3
80999,23
81000,4
81001,4
81002,18
81003,12
81004,3
81005,2
81006,7
81007,11
81008,14
81009,10
81010,1
81011,3
81012,9
81013,5
81014,2
81015,1
81016,13
81017,15
81018,3
81019,1
81020,3
81021,2
81022,2
81023,2
81024,2
81025,4
81026,12
81027,9
81028,5
81029,3
81030,26
81031,6
81032,2
81033,0
81034,0
81035,2
81036,10
81037,5
81038,0
81039,1
81040,1
81041,16
81042,10
81043,2
81044,1
81045,1
81046,1
81047,14
81048,12
81049,2
81050,4
81051,1
81052,1
81053,3
81054,3
81055,1
81056,4
81057,3
81058,2
81059,0
81060,1
81061,1
81062,6
81063,5
81064,137
81065,27
81066,23
81067,5
81068,37
81069,11
81070,4
81071,112
81072,17
81073,10
81074,2
81075,20
81076,1
81077,52
81078,5
81079,9
81080,1
81081,49
81082,16
81083,4
81084,11
81085,1
81086,15
81087,10
81088,7
81089,7
81090,13
81091,18
81092,14
81093,8
81094,2
81095,1
81096,4
81097,10
81098,4
81099,4
81100,0
81101,1
81102,14
81103,19
81104,6
81105,2
81106,3
81107,1
81108,1
81109,4
81110,0
81111,5
81112,2
81113,2
81114,1
81115,3
81116,2
81117,3
81118,0
81119,2
81120,1
81121,1
81122,3
81123,5
81124,4
81125,3
81126,53
81127,31
81128,14
81129,6
81130,33
81131,29
81132,2
81133,0
81134,41
81135,22
81136,6
81137,1
81138,18
81139,18
81140,43
81141,21
81142,17
81143,5
81144,63
81145,52
81146,1
81147,5
81148,5
81149,8
81150,5
81151,3
81152,3
81153,5
81154,6
81155,7
81156,5
81157,3
81158,4
81159,4
81160,4
81161,2
81162,3
81163,15
81164,16
81165,7
81166,3
81167,8
81168,4
81169,2
81170,4
81171,6
81172,2
81173,7
81174,4
81175,0
81176,4
81177,1
81178,3
81179,1
81180,1
81181,4
81182,1
81183,7
81184,11
81185,1
81186,2
81187,24
81188,30
81189,0
81190,2
81191,2
81192,2
81193,10
81194,10
81195,8
81196,22
81197,5
81198,28
81199,42
81200,10
81201,7
81202,13
81203,21
81204,1
81205,2
81206,62
81207,87
81208,1
81209,8
81210,2
81211,4
81212,4
81213,4
81214,3
81215,3
81216,3
81217,4
81218,9
81219,3
81220,4
81221,1
81222,14
81223,10
81224,1
81225,5
81226,3
81227,1
81228,2
81229,4
81230,1
81231,3
81232,1
81233,14
81234,8
81235,8
81236,4
81237,5
81238,3
81239,3
81240,5
81241,3
81242,6
81243,11
81244,11
81245,1
81246,7
81247,7
81248,2
81249,2
81250,2
81251,0
81252,3
81253,1
81254,4
81255,10
81256,2
81257,3
81258,4
81259,4
81260,4
81261,3
81262,8
81263,1
81264,3
81265,1
81266,6
81267,3
81268,10
81269,11
81270,1
81271,26
81272,58
81273,1
81274,6
81275,41
81276,69
81277,2
81278,14
81279,17
81280,9
81281,1
81282,2
81283,10
81284,0
81285,4
81286,0
81287,11
81288,14
81289,4
81290,1
81291,1
81292,0
81293,5
81294,6
81295,3
81296,9
81297,131
81298,135
81299,8
81300,10
81301,9
81302,4
81303,14
81304,12
81305,5
81306,3
81307,1
81308,3
81309,9
81310,12
81311,25
81312,31
81313,3
81314,1
81315,1
81316,4
81317,0
81318,7
81319,95
81320,17
81321,6
81322,2
81323,17
81324,4
81325,0
81326,2
81327,4
81328,1
81329,9
81330,9
81331,6
81332,4
81333,3
81334,6
81335,1
81336,1
81337,7
81338,1
81339,1
81340,14
81341,80
81342,8
81343,6
81344,54
81345,4
81346,0
81347,2
81348,1
81349,7
81350,0
81351,1
81352,1
81353,1
81354,0
81355,2
81356,2
81357,1
81358,6
81359,2
81360,0
81361,1
81362,4
81363,3
81364,2
81365,0
81366,0
81367,1
81368,4
81369,3
81370,6
81371,0
81372,1
81373,3
81374,2
81375,2
81376,3
81377,1
81378,4
81379,0
81380,1
81381,1
81382,2
81383,5
81384,2
81385,3
81386,13
81387,1
81388,3
81389,8
81390,0
81391,3
81392,5
81393,3
81394,0
81395,0
81396,2
81397,1
81398,3
81399,1
81400,1
81401,0
81402,0
81403,1
81404,1
81405,3
81406,5
81407,5
81408,0
81409,20
81410,0
81411,10
81412,3
81413,0
81414,4
81415,2
81416,3
81417,4
81418,5
81419,0
81420,4
81421,4
81422,2
81423,1
81424,1
81425,1
81426,2
81427,4
81428,3
81429,2
81430,2
81431,0
81432,1
81433,8
81434,4
81435,5
81436,9
81437,2
81438,1
81439,6
81440,1
81441,14
81442,32
81443,1
81444,5
81445,5
81446,6
81447,24
81448,3
81449,15
81450,33
81451,2
81452,4
81453,5
81454,10
81455,37
81456,39
81457,1
81458,18
81459,19
81460,45
81461,47
81462,7
81463,6
81464,5
81465,1
81466,5
81467,11
81468,1
81469,4
81470,13
81471,17
81472,2
81473,5
81474,5
81475,1
81476,8
81477,4
81478,3
81479,14
81480,8
81481,1
81482,6
81483,17
81484,0
81485,3
81486,10
81487,2
81488,42
81489,72
81490,2
81491,6
81492,5
81493,0
81494,79
81495,94
81496,4
81497,8
81498,4
81499,6
81500,13
81501,5
81502,79
81503,93
81504,7
81505,4
81506,7
81507,1
81508,13
81509,44
81510,1
81511,1
81512,3
81513,4
81514,2
81515,5
81516,7
81517,14
81518,12
81519,2
81520,0
81521,1
81522,7
81523,5
81524,1
81525,0
81526,34
81527,30
81528,7
81529,4
81530,11
81531,8
81532,5
81533,2
81534,3
81535,1
81536,4
81537,10
81538,11
81539,5
81540,16
81541,33
81542,3
81543,2
81544,2
81545,14
81546,9
81547,5
81548,8
81549,22
81550,3
81551,1
81552,2
81553,2
81554,4
81555,1
81556,4
81557,9
81558,15
81559,1
81560,0
81561,1
81562,0
81563,25
81564,39
81565,4
81566,1
81567,2
81568,14
81569,12
81570,1
81571,2
81572,2
81573,1
81574,6
81575,12
81576,3
81577,22
81578,27
81579,2
81580,0
81581,2
81582,3
81583,5
81584,7
81585,2
81586,1
81587,4
81588,7
81589,0
81590,3
81591,1
81592,9
81593,13
81594,1
81595,3
81596,1
81597,9
81598,10
81599,1
81600,1
81601,2
81602,3
81603,5
81604,1
81605,0
81606,2
81607,1
81608,16
81609,16
81610,2
81611,1
81612,1
81613,0
81614,6
81615,20
81616,2
81617,13
81618,37
81619,66
81620,2
81621,9
81622,3
81623,9
81624,3
81625,20
81626,3
81627,0
81628,1
81629,1
81630,6
81631,1
81632,5
81633,7
81634,2
81635,1
81636,4
81637,14
81638,2
81639,4
81640,4
81641,5
81642,2
81643,10
81644,18
81645,1
81646,1
81647,2
81648,1
81649,2
81650,6
81651,9
81652,3
81653,2
81654,4
81655,10
81656,15
81657,1
81658,0
81659,5
81660,10
81661,4
81662,2
81663,2
81664,2
81665,1
81666,5
81667,2
81668,1
81669,29
81670,38
81671,1
81672,6
81673,2
81674,1
81675,23
81676,31
81677,0
81678,4
81679,0
81680,62
81681,34
81682,5
81683,4
81684,19
81685,12
81686,38
81687,17
81688,2
81689,4
81690,12
81691,8
81692,61
81693,26
81694,6
81695,4
81696,18
81697,9
81698,52
81699,15
81700,4
81701,3
81702,10
81703,2
81704,94
81705,20
81706,15
81707,17
81708,8
81709,50
81710,1
81711,3
81712,3
81713,9
81714,74
81715,10
81716,14
81717,0
81718,15
81719,7
81720,42
81721,1
81722,1
81723,0
81724,6
81725,17
81726,16
81727,2
81728,3
81729,3
81730,13
81731,2
81732,0
81733,2
81734,26
81735,14
81736,2
81737,4
81738,5
81739,5
81740,20
81741,10
81742,3
81743,5
81744,5
81745,5
81746,97
81747,18
81748,11
81749,18
81750,3
81751,77
81752,6
81753,4
81754,2
81755,10
81756,2
81757,76
81758,10
81759,13
81760,9
81761,1
81762,9
81763,6
81764,65
81765,10
81766,57
81767,11
81768,5
81769,6
81770,2
81771,45
81772,15
81773,0
81774,3
81775,29
81776,33
81777,2
81778,7
81779,13
81780,14
81781,14
81782,3
81783,5
81784,9
81785,3
81786,5
81787,10
81788,17
81789,5
81790,2
81791,5
81792,14
81793,17
81794,4
81795,0
81796,8
81797,3
81798,0
81799,18
81800,17
81801,2
81802,2
81803,6
81804,5
81805,5
81806,1
81807,24
81808,21
81809,1
81810,1
81811,2
81812,3
81813,5
81814,9
81815,1
81816,8
81817,6
81818,2
81819,2
81820,0
81821,1
81822,9
81823,7
81824,9
81825,22
81826,4
81827,8
81828,9
81829,27
81830,31
81831,30
81832,31
81833,2
81834,4
81835,7
81836,8
81837,19
81838,12
81839,3
81840,7
81841,9
81842,2
81843,16
81844,10
81845,2
81846,4
81847,8
81848,9
81849,5
81850,5
81851,3
81852,18
81853,19
81854,6
81855,2
81856,5
81857,0
81858,6
81859,1
81860,2
81861,4
81862,2
81863,20
81864,2
81865,5
81866,2
81867,7
81868,1
81869,14
81870,1
81871,15
81872,13
81873,4
81874,3
81875,2
81876,4
81877,2
81878,14
81879,10
81880,2
81881,3
81882,3
81883,3
81884,2
81885,0
81886,0
81887,1
81888,3
81889,3
81890,2
81891,1
81892,2
81893,2
81894,1
81895,0
81896,1
81897,130
81898,29
81899,19
81900,2
81901,29
81902,8
81903,14
81904,2
81905,111
81906,19
81907,15
81908,2
81909,25
81910,0
81911,47
81912,8
81913,8
81914,39
81915,10
81916,3
81917,2
81918,4
81919,3
81920,13
81921,9
81922,4
81923,8
81924,11
81925,14
81926,9
81927,5
81928,4
81929,8
81930,12
81931,4
81932,4
81933,1
81934,2
81935,11
81936,15
81937,3
81938,3
81939,2
81940,4
81941,1
81942,1
81943,2
81944,0
81945,1
81946,1
81947,3
81948,1
81949,3
81950,3
81951,4
81952,3
81953,3
81954,3
81955,4
81956,4
81957,4
81958,3
81959,2
81960,3
81961,5
81962,0
81963,1
81964,1
81965,22
81966,11
81967,1
81968,2
81969,7
81970,0
81971,16
81972,5
81973,1
81974,1
81975,5
81976,5
81977,20
81978,7
81979,6
81980,1
81981,31
81982,23
81983,2
81984,0
81985,1
81986,8
81987,7
81988,1
81989,1
81990,2
81991,6
81992,5
81993,2
81994,1
81995,2
81996,5
81997,4
81998,2
81999,11
82000,11
82001,0
82002,0
82003,0
82004,1
82005,3
82006,4
82007,1
82008,5
82009,1
82010,4
82011,3
82012,3
82013,4
82014,6
82015,3
82016,1
82017,2
82018,4
82019,2
82020,2
82021,3
82022,0
82023,2
82024,3
82025,1
82026,2
82027,1
82028,7
82029,11
82030,2
82031,0
82032,16
82033,21
82034,1
82035,3
82036,2
82037,3
82038,0
82039,7
82040,12
82041,1
82042,7
82043,9
82044,2
82045,1
82046,17
82047,31
82048,1
82049,2
82050,3
82051,2
82052,6
82053,17
82054,6
82055,19
82056,30
82057,2
82058,3
82059,2
82060,4
82061,55
82062,74
82063,4
82064,4
82065,3
82066,1
82067,0
82068,5
82069,1
82070,2
82071,0
82072,5
82073,8
82074,6
82075,5
82076,2
82077,0
82078,0
82079,4
82080,2
82081,1
82082,4
82083,4
82084,5
82085,4
82086,2
82087,4
82088,1
82089,7
82090,7
82091,1
82092,9
82093,8
82094,6
82095,8
82096,0
82097,1
82098,3
82099,4
82100,2
82101,4
82102,5
82103,4
82104,5
82105,6
82106,1
82107,1
82108,2
82109,4
82110,4
82111,1
82112,2
82113,2
82114,1
82115,1
82116,2
82117,5
82118,0
82119,1
82120,9
82121,4
82122,5
82123,6
82124,3
82125,3
82126,2
82127,2
82128,2
82129,25
82130,56
82131,1
82132,1
82133,41
82134,68
82135,2
82136,6
82137,12
82138,4
82139,1
82140,9
82141,3
82142,10
82143,0
82144,0
82145,8
82146,5
82147,4
82148,13
82149,0
82150,8
82151,6
82152,4
82153,1
82154,1
82155,1
82156,4
82157,11
82158,2
82159,2
82160,2
82161,110
82162,116
82163,14
82164,15
82165,13
82166,10
82167,18
82168,22
82169,2
82170,6
82171,1
82172,15
82173,22
82174,0
82175,2
82176,8
82177,0
82178,4
82179,2
82180,1
82181,2
82182,74
82183,19
82184,4
82185,1
82186,8
82187,3
82188,6
82189,67
82190,8
82191,2
82192,1
82193,6
82194,2
82195,2
82196,4
82197,2
82198,0
82199,2
82200,1
82201,7
82202,6
82203,8
82204,3
82205,1
82206,4
82207,55
82208,3
82209,0
82210,13
82211,8
82212,0
82213,11
82214,67
82215,6
82216,0
82217,3
82218,33
82219,1
82220,2
82221,0
82222,2
82223,1
82224,3
82225,2
82226,2
82227,2
82228,5
82229,2
82230,5
82231,9
82232,1
82233,2
82234,5
82235,0
82236,3
82237,4
82238,2
82239,1
82240,3
82241,3
82242,6
82243,1
82244,1
82245,4
82246,1
82247,6
82248,1
82249,0
82250,2
82251,5
82252,0
82253,2
82254,11
82255,1
82256,0
82257,3
82258,2
82259,9
82260,0
82261,2
82262,2
82263,3
82264,1
82265,1
82266,3
82267,1
82268,2
82269,3
82270,3
82271,2
82272,3
82273,0
82274,2
82275,2
82276,0
82277,4
82278,2
82279,0
82280,20
82281,2
82282,0
82283,4
82284,3
82285,3
82286,2
82287,1
82288,1
82289,5
82290,3
82291,2
82292,0
82293,3
82294,3
82295,2
82296,3
82297,1
82298,1
82299,1
82300,2
82301,1
82302,1
82303,1
82304,1
82305,8
82306,15
82307,33
82308,3
82309,3
82310,6
82311,2
82312,10
82313,30
82314,2
82315,18
82316,36
82317,6
82318,1
82319,9
82320,36
82321,40
82322,1
82323,3
82324,6
82325,25
82326,32
82327,48
82328,50
82329,5
82330,5
82331,7
82332,7
82333,10
82334,10
82335,1
82336,4
82337,9
82338,3
82339,8
82340,13
82341,3
82342,1
82343,2
82344,3
82345,3
82346,4
82347,4
82348,7
82349,9
82350,7
82351,2
82352,3
82353,1
82354,14
82355,7
82356,9
82357,21
82358,0
82359,5
82360,2
82361,3
82362,5
82363,7
82364,60
82365,93
82366,3
82367,1
82368,5
82369,4
82370,9
82371,3
82372,7
82373,7
82374,75
82375,86
82376,4
82377,7
82378,1
82379,6
82380,0
82381,2
82382,6
82383,13
82384,1
82385,3
82386,27
82387,40
82388,2
82389,2
82390,2
82391,4
82392,2
82393,1
82394,4
82395,3
82396,3
82397,3
82398,0
82399,5
82400,4
82401,9
82402,4
82403,2
82404,14
82405,13
82406,2
82407,0
82408,8
82409,7
82410,1
82411,1
82412,34
82413,31
82414,9
82415,6
82416,12
82417,10
82418,6
82419,4
82420,3
82421,1
82422,5
82423,10
82424,7
82425,18
82426,30
82427,5
82428,5
82429,11
82430,0
82431,11
82432,4
82433,7
82434,9
82435,24
82436,2
82437,2
82438,2
82439,3
82440,9
82441,2
82442,18
82443,1
82444,1
82445,3
82446,2
82447,1
82448,1
82449,3
82450,3
82451,33
82452,51
82453,1
82454,2
82455,4
82456,3
82457,2
82458,15
82459,15
82460,2
82461,0
82462,3
82463,0
82464,7
82465,13
82466,4
82467,9
82468,22
82469,28
82470,2
82471,4
82472,3
82473,2
82474,6
82475,1
82476,4
82477,5
82478,3
82479,4
82480,3
82481,5
82482,8
82483,4
82484,3
82485,5
82486,8
82487,2
82488,2
82489,4
82490,0
82491,1
82492,6
82493,13
82494,3
82495,2
82496,8
82497,0
82498,1
82499,3
82500,4
82501,6
82502,1
82503,3
82504,4
82505,20
82506,22
82507,6
82508,2
82509,6
82510,22
82511,1
82512,1
82513,2
82514,2
82515,15
82516,1
82517,0
82518,34
82519,60
82520,1
82521,10
82522,9
82523,4
82524,19
82525,1
82526,4
82527,6
82528,8
82529,0
82530,3
82531,2
82532,11
82533,5
82534,3
82535,10
82536,19
82537,2
82538,1
82539,3
82540,12
82541,0
82542,4
82543,1
82544,7
82545,11
82546,1
82547,5
82548,9
82549,9
82550,15
82551,0
82552,1
82553,5
82554,6
82555,11
82556,5
82557,3
82558,1
82559,2
82560,2
82561,6
82562,4
82563,0
82564,2
82565,1
82566,29
82567,31
82568,1
82569,4
82570,59
82571,30
82572,5
82573,1
82574,9
82575,6
82576,9
82577,67
82578,24
82579,5
82580,3
82581,16
82582,4
82583,42
82584,90
82585,8
82586,9
82587,2
82588,8
82589,84
82590,17
82591,21
82592,23
82593,9
82594,11
82595,26
82596,20
82597,4
82598,3
82599,2
82600,5
82601,22
82602,7
82603,31
82604,15
82605,4
82606,2
82607,1
82608,106
82609,28
82610,19
82611,1
82612,29
82613,12
82614,37
82615,51
82616,81
82617,13
82618,9
82619,2
82620,11
82621,3
82622,63
82623,17
82624,4
82625,3
82626,51
82627,14
82628,1
82629,4
82630,2
82631,31
82632,33
82633,3
82634,3
82635,2
82636,8
82637,3
82638,24
82639,27
82640,1
82641,3
82642,10
82643,14
82644,5
82645,7
82646,2
82647,3
82648,10
82649,21
82650,0
82651,7
82652,18
82653,1
82654,17
82655,24
82656,4
82657,8
82658,3
82659,3
82660,9
82661,4
82662,2
82663,1
82664,5
82665,18
82666,15
82667,1
82668,1
82669,12
82670,10
82671,22
82672,19
82673,1
82674,6
82675,3
82676,2
82677,11
82678,8
82679,1
82680,8
82681,4
82682,1
82683,4
82684,7
82685,6
82686,8
82687,22
82688,0
82689,4
82690,14
82691,14
82692,4
82693,37
82694,45
82695,8
82696,4
82697,6
82698,6
82699,13
82700,19
82701,23
82702,18
82703,1
82704,28
82705,20
82706,7
82707,4
82708,15
82709,15
82710,6
82711,5
82712,2
82713,23
82714,17
82715,4
82716,4
82717,10
82718,13
82719,15
82720,10
82721,9
82722,6
82723,24
82724,23
82725,3
82726,3
82727,10
82728,4
82729,6
82730,8
82731,2
82732,0
82733,1
82734,2
82735,0
82736,2
82737,2
82738,3
82739,1
82740,2
82741,13
82742,18
82743,3
82744,3
82745,14
82746,10
82747,1
82748,12
82749,10
82750,1
82751,1
82752,4
82753,3
82754,4
82755,4
82756,2
82757,18
82758,14
82759,3
82760,4
82761,6
82762,1
82763,1
82764,3
82765,2
82766,5
82767,1
82768,1
82769,2
82770,5
82771,2
82772,2
82773,3
82774,4
82775,0
82776,0
82777,1
82778,0
82779,129
82780,29
82781,19
82782,1
82783,22
82784,1
82785,23
82786,1
82787,102
82788,22
82789,14
82790,8
82791,18
82792,3
82793,50
82794,11
82795,8
82796,32
82797,6
82798,11
82799,4
82800,1
82801,1
82802,5
82803,1
82804,14
82805,10
82806,4
82807,3
82808,7
82809,9
82810,0
82811,1
82812,3
82813,14
82814,10
82815,4
82816,4
82817,7
82818,5
82819,5
82820,3
82821,4
82822,9
82823,13
82824,2
82825,3
82826,4
82827,2
82828,2
82829,1
82830,0
82831,1
82832,1
82833,5
82834,0
82835,3
82836,2
82837,3
82838,2
82839,2
82840,4
82841,2
82842,2
82843,5
82844,5
82845,1
82846,0
82847,2
82848,1
82849,1
82850,3
82851,4
82852,3
82853,2
82854,6
82855,5
82856,2
82857,5
82858,4
82859,0
82860,20
82861,6
82862,5
82863,7
82864,4
82865,7
82866,10
82867,2
82868,2
82869,3
82870,12
82871,12
82872,0
82873,1
82874,0
82875,10
82876,7
82877,2
82878,1
82879,5
82880,5
82881,2
82882,6
82883,5
82884,1
82885,1
82886,3
82887,7
82888,6
82889,4
82890,11
82891,11
82892,1
82893,2
82894,2
82895,1
82896,7
82897,0
82898,5
82899,11
82900,6
82901,3
82902,5
82903,3
82904,0
82905,2
82906,1
82907,11
82908,6
82909,2
82910,2
82911,2
82912,4
82913,3
82914,0
82915,1
82916,1
82917,1
82918,7
82919,4
82920,4
82921,3
82922,11
82923,11
82924,2
82925,3
82926,3
82927,1
82928,18
82929,23
82930,1
82931,4
82932,1
82933,16
82934,22
82935,1
82936,6
82937,12
82938,14
82939,0
82940,4
82941,2
82942,1
82943,17
82944,31
82945,10
82946,25
82947,2
82948,28
82949,37
82950,4
82951,4
82952,5
82953,1
82954,3
82955,5
82956,68
82957,91
82958,2
82959,10
82960,1
82961,5
82962,3
82963,7
82964,5
82965,7
82966,0
82967,1
82968,5
82969,1
82970,0
82971,0
82972,1
82973,2
82974,1
82975,7
82976,5
82977,1
82978,5
82979,3
82980,6
82981,7
82982,1
82983,3
82984,2
82985,7
82986,5
82987,4
82988,5
82989,3
82990,2
82991,10
82992,10
82993,11
82994,11
82995,3
82996,7
82997,6
82998,3
82999,3
83000,5
83001,5
83002,5
83003,5
83004,6
83005,3
83006,0
83007,1
83008,1
83009,2
83010,4
83011,6
83012,3
83013,0
83014,5
83015,1
83016,0
83017,8
83018,5
83019,1
83020,4
83021,2
83022,5
83023,1
83024,1
83025,2
83026,5
83027,2
83028,25
83029,60
83030,2
83031,2
83032,39
83033,70
83034,2
83035,11
83036,30
83037,2
83038,6
83039,11
83040,2
83041,10
83042,13
83043,7
83044,3
83045,1
83046,4
83047,3
83048,1
83049,2
83050,6
83051,8
83052,12
83053,1
83054,4
83055,73
83056,82
83057,3
83058,7
83059,4
83060,3
83061,5
83062,7
83063,1
83064,4
83065,3
83066,18
83067,25
83068,13
83069,20
83070,1
83071,2
83072,4
83073,8
83074,1
83075,2
83076,0
83077,0
83078,79
83079,10
83080,9
83081,1
83082,4
83083,0
83084,15
83085,2
83086,0
83087,1
83088,0
83089,0
83090,19
83091,6
83092,0
83093,4
83094,15
83095,1
83096,14
83097,13
83098,3
83099,3
83100,7
83101,10
83102,0
83103,8
83104,26
83105,1
83106,1
83107,1
83108,2
83109,6
83110,0
83111,1
83112,9
83113,11
83114,0
83115,3
83116,2
83117,2
83118,7
83119,1
83120,5
83121,2
83122,18
83123,30
83124,0
83125,0
83126,13
83127,24
83128,22
83129,53
83130,3
83131,5
83132,5
83133,1
83134,4
83135,4
83136,5
83137,1
83138,5
83139,10
83140,2
83141,4
83142,50
83143,12
83144,9
83145,2
83146,78
83147,33
83148,12
83149,0
83150,1
83151,4
83152,2
83153,2
83154,0
83155,8
83156,12
83157,5
83158,6
83159,1
83160,4
83161,27
83162,0
83163,14
83164,6
83165,64
83166,47
83167,7
83168,2
83169,1
83170,30
83171,19
83172,25
83173,23
83174,3
83175,2
83176,36
83177,30
83178,24
83179,24
83180,4
83181,4
83182,30
83183,21
